name,category,type,district,wgs_lng,wgs_lat,weight
英伦诊所,medical,医疗保健服务;诊所;诊所,金牛区,103.974719,30.734036,4
郫县浩民诊所,medical,医疗保健服务;诊所;诊所,金牛区,103.97809,30.733631,1
天仁堂大药房(塔米亚药房),medical,医疗保健服务;医药保健销售店;药房,金牛区,103.992052,30.73131,2
兴盛世家社区卫生服务站,medical,医疗保健服务;综合医院;卫生院,金牛区,104.013485,30.732373,1
予康诊所,medical,医疗保健服务;诊所;诊所,金牛区,104.011254,30.733853,5
金牛蜀都诊所,medical,医疗保健服务;诊所;诊所,金牛区,104.011359,30.731441,2
侯家桥村卫生站,medical,医疗保健服务;诊所;诊所,金牛区,104.00974,30.737422,2
金牛国诊所,medical,医疗保健服务;诊所;诊所,金牛区,104.011857,30.738928,1
欣瑞药店,medical,医疗保健服务;医药保健销售店;药房,金牛区,104.008645,30.733993,5
显毅诊所,medical,医疗保健服务;诊所;诊所,金牛区,104.007832,30.732574,1
壶春堂药房,medical,医疗保健服务;医药保健销售店;药房,金牛区,104.007285,30.738638,1
金牛明明诊所,medical,医疗保健服务;诊所;诊所,金牛区,104.014154,30.735401,3
瑞铭康诊所,medical,医疗保健服务;诊所;诊所,金牛区,104.022309,30.731778,2
金牛民明诊所,medical,医疗保健服务;诊所;诊所,金牛区,104.018164,30.735791,2
金牛区金牛乡兴盛村卫生站,medical,医疗保健服务;诊所;诊所,金牛区,104.019124,30.730619,2
春昇堂诊所,medical,医疗保健服务;诊所;诊所,金牛区,104.026357,30.733017,10
金牛区明明药房,medical,医疗保健服务;医药保健销售店;药房,金牛区,104.028587,30.732133,2
府河星城社区医院,medical,医疗保健服务;诊所;诊所,金牛区,104.024534,30.731799,1
郫县乐康药房,medical,医疗保健服务;医药保健销售店;药房,金牛区,104.033661,30.738028,3
君寿堂诊所,medical,医疗保健服务;诊所;诊所,金牛区,104.040991,30.739297,3
友联诊所(川建路),medical,医疗保健服务;诊所;诊所,金牛区,104.050026,30.735984,12
量力建康城,medical,医疗保健服务;医药保健销售店;医药保健相关,金牛区,104.047534,30.732289,1
药品超市,medical,医疗保健服务;医药保健销售店;药房,金牛区,104.046546,30.729894,1
量力医药健康城,medical,医疗保健服务;医药保健销售店;药房,金牛区,104.045409,30.736594,1
齐顺堂大药房,medical,医疗保健服务;医药保健销售店;药房,金牛区,104.053013,30.735407,3
百汇吉金牛济康诊所,medical,医疗保健服务;诊所;诊所,金牛区,104.056111,30.734372,1
金牛秦氏康复诊所,medical,医疗保健服务;诊所;诊所,金牛区,104.061896,30.735451,1
金牛双乐诊所,medical,医疗保健服务;诊所;诊所,金牛区,104.059477,30.734421,5
娣德诊所,medical,医疗保健服务;诊所;诊所,金牛区,104.058411,30.730728,6
金牛区益生堂诊所,medical,医疗保健服务;诊所;诊所,金牛区,104.062171,30.729896,1
金牛区康晖药房,medical,医疗保健服务;医药保健销售店;药房,金牛区,104.064331,30.737299,1
天桥诊所,medical,医疗保健服务;诊所;诊所,成华区,104.101008,30.729194,2
四川地质医院,medical,医疗保健服务;综合医院;综合医院,金牛区,104.113036,30.733951,3
成华清华诊所,medical,医疗保健服务;诊所;诊所,成华区,104.108799,30.731254,2
丽齿口腔,medical,医疗保健服务;专科医院;口腔医院,金牛区,104.106451,30.731441,1
回春大药房(湾仔巷),medical,医疗保健服务;医药保健销售店;药房,金牛区,104.105955,30.73542,1
九华药品(蜀陵路),medical,医疗保健服务;医药保健销售店;药房,成华区,104.121215,30.738621,1
铁卫诊所,medical,医疗保健服务;诊所;诊所,成华区,104.118967,30.737445,1
石岭社区卫生服务站,medical,医疗保健服务;综合医院;卫生院|医疗保健服务;诊所;诊所,成华区,104.124188,30.738898,1
回龙社区卫生服务站(熊猫大道),medical,医疗保健服务;综合医院;卫生院,成华区,104.145387,30.734957,1
宸光齿艺,medical,医疗保健服务;专科医院;口腔医院|医疗保健服务;诊所;诊所,金牛区,103.977699,30.724033,5
御健堂大药房,medical,医疗保健服务;医药保健销售店;药房,金牛区,103.976324,30.72167,1
金牛靖泸诊所,medical,医疗保健服务;诊所;诊所,金牛区,103.977416,30.719096,6
成都全愈堂中海药房,medical,医疗保健服务;医药保健销售店;药房,金牛区,103.974798,30.720922,2
金牛区金泉街道互助社区卫生站,medical,医疗保健服务;综合医院;卫生院,金牛区,103.987815,30.725003,1
郫县景仁药房,medical,医疗保健服务;医药保健销售店;药房,金牛区,103.990668,30.729232,1
四川康贝大药房(金牛加劲药店),medical,医疗保健服务;医药保健销售店;药房,金牛区,103.985971,30.722108,1
金泉社区卫生服务中心,medical,医疗保健服务;综合医院;卫生院,金牛区,104.003561,30.723814,3
济仁药店(金科西路),medical,医疗保健服务;医药保健销售店;药房,金牛区,104.000406,30.722726,1
五里墩李氏诊所,medical,医疗保健服务;诊所;诊所,金牛区,103.99916,30.725039,2
金牛永益诊所,medical,医疗保健服务;诊所;诊所,金牛区,103.999526,30.721534,1
天乐药业(恒熙药房),medical,医疗保健服务;医药保健销售店;药房,金牛区,103.99527,30.724592,2
金牛超群诊所,medical,医疗保健服务;诊所;诊所,金牛区,104.013223,30.726338,3
金牛华卫诊所(信息园西路),medical,医疗保健服务;诊所;诊所,金牛区,104.004643,30.726067,1
成都善道医院门诊部,medical,医疗保健服务;综合医院;综合医院,金牛区,104.015837,30.728198,2
金牛南洁诊所,medical,医疗保健服务;诊所;诊所,金牛区,104.01798,30.72392,2
康复门诊,medical,医疗保健服务;诊所;诊所,金牛区,104.023872,30.726265,2
瑞御堂大药房,medical,医疗保健服务;医药保健销售店;药房,金牛区,104.026143,30.723632,1
李勤中医馆,medical,医疗保健服务;诊所;诊所,金牛区,104.034534,30.722728,1
欢乐谷医务室,medical,医疗保健服务;诊所;诊所,金牛区,104.033788,30.72546,1
清新诊所,medical,医疗保健服务;诊所;诊所,金牛区,104.053772,30.723899,12
中医药馆,medical,医疗保健服务;医药保健销售店;药房,金牛区,104.044049,30.71931,7
穗铁老医师诊所,medical,医疗保健服务;专科医院;口腔医院,金牛区,104.051148,30.725283,1
佳宁诊所,medical,医疗保健服务;诊所;诊所,金牛区,104.048359,30.72676,2
林业诊所,medical,医疗保健服务;诊所;诊所,金牛区,104.065558,30.722098,13
晋川大药房,medical,医疗保健服务;医药保健销售店;药房,金牛区,104.059391,30.72496,9
精诚诊所,medical,医疗保健服务;诊所;诊所,金牛区,104.059836,30.728831,4
琪瑞大药房,medical,医疗保健服务;医药保健销售店;药房,金牛区,104.061665,30.725325,3
西部医药集团购销大厅,medical,医疗保健服务;医药保健销售店;药房,金牛区,104.057906,30.719354,2
金牛区善司康药房,medical,医疗保健服务;医药保健销售店;药房,金牛区,104.073137,30.720663,1
四川康贝大药房(王贾路),medical,医疗保健服务;医药保健销售店;药房,金牛区,104.068368,30.728687,1
金牛区双凤诊所,medical,医疗保健服务;诊所;诊所,金牛区,104.077352,30.719954,1
源济棠诊所,medical,医疗保健服务;诊所;诊所,金牛区,104.076646,30.722444,5
李医生诊所(韦家碾三路),medical,医疗保健服务;诊所;诊所,金牛区,104.07562,30.720454,1
九五八七九部队机关医院,medical,医疗保健服务;综合医院;综合医院,金牛区,104.098616,30.729009,1
成华兴诚康诊所,medical,医疗保健服务;诊所;诊所,成华区,104.100871,30.719797,1
桐林药房,medical,医疗保健服务;医药保健销售店;药房,成华区,104.1126,30.727612,2
成华区泓川诊所,medical,医疗保健服务;诊所;诊所,成华区,104.120834,30.723657,2
成华区日日升药房,medical,医疗保健服务;医药保健销售店;药房,成华区,104.123789,30.725559,4
天乐药房(龙台店),medical,医疗保健服务;医药保健销售店;药房,成华区,104.119315,30.721818,1
普济诊所(东林二路),medical,医疗保健服务;诊所;诊所,成华区,104.129714,30.72225,1
齐顺堂大药房,medical,医疗保健服务;医药保健销售店;药房,成华区,104.136181,30.72808,1
成都街道两代表一委员服务站,medical,医疗保健服务;综合医院;卫生院,成华区,104.152161,30.722877,1
成华智华诊所,medical,医疗保健服务;诊所;诊所,成华区,104.165394,30.718934,13
成都西点颈腰椎病专科医院-住院部,medical,医疗保健服务;综合医院;综合医院,金牛区,103.97311,30.712473,1
泗兴诊所,medical,医疗保健服务;诊所;诊所,金牛区,103.980093,30.709483,5
春升堂大药房,medical,医疗保健服务;医药保健销售店;药房,金牛区,103.982353,30.714917,4
何家村卫生站,medical,医疗保健服务;诊所;诊所,金牛区,103.977415,30.716576,1
胡记洪英诊所,medical,医疗保健服务;诊所;诊所,金牛区,103.986373,30.71258,3
百信药业(三味药店),medical,医疗保健服务;医药保健销售店;药房,金牛区,103.984838,30.714597,2
康维牙科,medical,医疗保健服务;专科医院;口腔医院,金牛区,103.990795,30.711072,9
西线大药房,medical,医疗保健服务;医药保健销售店;药房,金牛区,103.991447,30.713157,1
成都仁一医院,medical,医疗保健服务;综合医院;综合医院,金牛区,104.001784,30.716054,9
金牛迎宾诊所,medical,医疗保健服务;诊所;诊所,金牛区,103.999098,30.713203,3
佳乐安医药,medical,医疗保健服务;医药保健销售店;药房,金牛区,103.997783,30.714309,2
花圃牙科(蜀跃路),medical,医疗保健服务;专科医院;口腔医院,金牛区,104.010439,30.71051,2
臻享中医馆,medical,医疗保健服务;诊所;诊所,金牛区,104.010558,30.713861,1
百信药业(尚善堂大药房),medical,医疗保健服务;医药保健销售店;药房,金牛区,104.008078,30.712961,1
福康缘大药房(蜀跃路),medical,医疗保健服务;医药保健销售店;药房,金牛区,104.007904,30.709809,1
金牛金西诊所,medical,医疗保健服务;诊所;诊所,金牛区,104.020471,30.714494,5
金牛区爱民诊所,medical,医疗保健服务;诊所;诊所,金牛区,104.018687,30.712929,3
瑞尔医药,medical,医疗保健服务;医药保健销售店;药房,金牛区,104.016891,30.711512,1
金牛区人民医院,medical,医疗保健服务;综合医院;综合医院,金牛区,104.026414,30.709776,2
民辉诊所,medical,医疗保健服务;诊所;诊所,金牛区,104.034536,30.708302,25
格瑞大药房(华严路店),medical,医疗保健服务;医药保健销售店;药房,金牛区,104.02725,30.717421,1
口腔科,medical,医疗保健服务;专科医院;口腔医院,金牛区,104.042221,30.71708,11
东松平诊所,medical,医疗保健服务;诊所;诊所,金牛区,104.035196,30.711929,4
珍齐口腔,medical,医疗保健服务;专科医院;口腔医院,金牛区,104.038294,30.710799,6
民康药业物流区,medical,医疗保健服务;医药保健销售店;药房,金牛区,104.035495,30.715498,1
金牛欣欣太生诊所,medical,医疗保健服务;诊所;诊所,金牛区,104.039903,30.709157,5
白果林诊所,medical,医疗保健服务;诊所;诊所,金牛区,104.04609,30.715908,4
柏草荟,medical,医疗保健服务;医药保健销售店;医药保健相关,金牛区,104.050407,30.709212,20
济和春,medical,医疗保健服务;专科医院;骨科医院,金牛区,104.044671,30.709223,3
金牛妙手中医诊所,medical,医疗保健服务;诊所;诊所,金牛区,104.047098,30.709578,4
岷江局医院大西南建材城卫生所,medical,医疗保健服务;诊所;诊所,金牛区,104.052071,30.716202,1
四川天乐医药(芳兴大药房),medical,医疗保健服务;医药保健销售店;药房,金牛区,104.057796,30.716088,2
金牛唯尔口腔诊所,medical,医疗保健服务;专科医院;口腔医院,金牛区,104.060757,30.712002,1
宏康诊所,medical,医疗保健服务;诊所;诊所,金牛区,104.062585,30.715137,6
健康长寿诊所,medical,医疗保健服务;诊所;诊所,金牛区,104.05569,30.717405,4
龙一药店,medical,医疗保健服务;医药保健销售店;药房,金牛区,104.06333,30.712888,9
横桥牙科,medical,医疗保健服务;专科医院;口腔医院,金牛区,104.0689,30.710772,26
天键诊所,medical,医疗保健服务;诊所;诊所,成华区,104.068802,30.719034,4
益世堂诊所,medical,医疗保健服务;诊所;诊所,金牛区,104.066058,30.714086,8
中药馆,medical,医疗保健服务;医药保健销售店;药房,金牛区,104.074776,30.718013,11
格瑞大药房(双水店),medical,医疗保健服务;医药保健销售店;药房,成华区,104.080516,30.713355,1
成华夏辉诊所,medical,医疗保健服务;诊所;诊所,成华区,104.076785,30.715795,1
唐胡草药,medical,医疗保健服务;医药保健销售店;药房,成华区,104.081041,30.715128,2
口腔科,medical,医疗保健服务;专科医院;口腔医院,成华区,104.090773,30.715042,29
华仁堂,medical,医疗保健服务;诊所;诊所,成华区,104.095943,30.709534,66
仁仁诊所,medical,医疗保健服务;诊所;诊所,成华区,104.090913,30.717871,1
成都城北医院妇科治疗室,medical,医疗保健服务;综合医院;综合医院,成华区,104.099265,30.712312,1
成都华山医院,medical,医疗保健服务;综合医院;综合医院,成华区,104.100372,30.713343,1
成华平安诊所,medical,医疗保健服务;诊所;诊所,成华区,104.09628,30.717825,2
盖亚诊所,medical,医疗保健服务;诊所;诊所,成华区,104.09722,30.711914,3
协和门诊,medical,医疗保健服务;诊所;诊所,成华区,104.099104,30.715508,1
愈美大药房,medical,医疗保健服务;医药保健销售店;药房,成华区,104.104129,30.717756,15
同仁医院,medical,医疗保健服务;综合医院;综合医院,成华区,104.107682,30.715994,9
美亚口腔诊所,medical,医疗保健服务;专科医院;口腔医院|医疗保健服务;诊所;诊所,成华区,104.112142,30.717464,5
成华青山诊所,medical,医疗保健服务;诊所;诊所,成华区,104.109401,30.712772,1
成华佳益诊所,medical,医疗保健服务;诊所;诊所,成华区,104.112369,30.715272,3
全康堂药房,medical,医疗保健服务;医药保健销售店;药房,成华区,104.111478,30.713598,2
新山黄氏中医,medical,医疗保健服务;诊所;诊所,成华区,104.12708,30.716182,4
百信药业(鑫森大药房店),medical,医疗保健服务;医药保健销售店;药房,成华区,104.125567,30.71491,1
新洪诊所,medical,医疗保健服务;诊所;诊所,成华区,104.139408,30.71846,2
逆光医疗美容,medical,医疗保健服务;专科医院;专科医院,成华区,104.149805,30.719273,1
君康诊所,medical,医疗保健服务;诊所;诊所,成华区,104.156438,30.709946,1
精康乐诊所,medical,医疗保健服务;诊所;诊所,成华区,104.165753,30.71559,2
健源诊所,medical,医疗保健服务;诊所;诊所,成华区,104.168193,30.708465,20
成华君康诊所,medical,医疗保健服务;诊所;诊所,成华区,104.16649,30.711759,1
弘博诊所,medical,医疗保健服务;诊所;诊所,成华区,104.167927,30.717677,1
任氏中医骨科,medical,医疗保健服务;专科医院;骨科医院,成华区,104.171712,30.709919,1
桂林社区卫生服务站,medical,医疗保健服务;综合医院;卫生院,成华区,104.183082,30.716109,1
成华区龙潭街道桂林社区卫生服务站,medical,医疗保健服务;综合医院;卫生院|医疗保健服务;诊所;诊所,成华区,104.182267,30.718475,1
成华芳芳诊所,medical,医疗保健服务;诊所;诊所,成华区,104.18078,30.709549,1
彭氏便民诊所,medical,医疗保健服务;诊所;诊所,青羊区,103.969163,30.701227,1
国清诊所,medical,医疗保健服务;诊所;诊所,金牛区,103.978067,30.706413,16
新两河大药房,medical,医疗保健服务;医药保健销售店;药房,金牛区,103.977659,30.708862,2
金牛鸿安堂诊所,medical,医疗保健服务;诊所;诊所,金牛区,103.981445,30.701708,3
国医门诊,medical,医疗保健服务;诊所;诊所,金牛区,103.982775,30.703202,1
泰康堂大药房(清淳二街药店),medical,医疗保健服务;医药保健销售店;药房,金牛区,103.978184,30.704443,1
新康华诊所,medical,医疗保健服务;诊所;诊所,金牛区,103.98873,30.708637,1
金牛家鸿口腔,medical,医疗保健服务;专科医院;口腔医院,金牛区,103.995109,30.707869,8
郑氏门诊,medical,医疗保健服务;诊所;诊所,金牛区,103.984423,30.700873,1
臻瑞阿芙罗医疗美容,medical,医疗保健服务;专科医院;整形美容,金牛区,104.00165,30.70586,2
慈医堂诊所,medical,医疗保健服务;诊所;诊所,金牛区,103.999464,30.705226,8
求不疼诊所,medical,医疗保健服务;诊所;诊所,金牛区,104.004763,30.708365,5
百信药业(百仁药房),medical,医疗保健服务;医药保健销售店;药房,青羊区,103.996794,30.702093,1
礼尧大药房,medical,医疗保健服务;医药保健销售店;药房,青羊区,104.004139,30.700143,3
鼎圣堂大药房,medical,医疗保健服务;医药保健销售店;药房,金牛区,104.002225,30.708675,1
国医堂,medical,医疗保健服务;诊所;诊所,金牛区,104.013258,30.700758,20
百信药业(蜀汉路),medical,医疗保健服务;医药保健销售店;药房,金牛区,104.006072,30.701943,1
禅杏堂,medical,医疗保健服务;诊所;诊所,金牛区,104.004771,30.706568,2
成都西华医院,medical,医疗保健服务;综合医院;综合医院,金牛区,104.007986,30.70389,1
金牛桂莎诊所,medical,医疗保健服务;诊所;诊所,金牛区,104.006707,30.707589,2
金牛良康诊所,medical,医疗保健服务;诊所;诊所,金牛区,104.007662,30.699328,7
博仁诊所(千和茗居西北),medical,医疗保健服务;诊所;诊所,金牛区,104.009865,30.700981,1
金伟银牙科,medical,医疗保健服务;专科医院;口腔医院,金牛区,104.018045,30.70523,15
华仁诊所,medical,医疗保健服务;诊所;诊所,金牛区,104.022288,30.701494,9
炬山堂大药房,medical,医疗保健服务;医药保健销售店;药房,金牛区,104.021059,30.704478,3
金牛明新诊所,medical,医疗保健服务;诊所;诊所,金牛区,104.023201,30.706805,1
瑞康大药房(金府路),medical,医疗保健服务;医药保健销售店;药房,金牛区,104.024767,30.708881,1
鲁氏口腔,medical,医疗保健服务;专科医院;口腔医院,金牛区,104.038849,30.702949,14
张小儿,medical,医疗保健服务;诊所;诊所,金牛区,104.043034,30.698679,32
一心堂,medical,医疗保健服务;医药保健销售店;药房,金牛区,104.043349,30.705502,14
金牛星晨牙科诊所,medical,医疗保健服务;专科医院;口腔医院,金牛区,104.043148,30.708156,3
牙牙诊所,medical,医疗保健服务;专科医院;口腔医院|医疗保健服务;诊所;诊所,金牛区,104.03904,30.699296,4
永康堂大药房(花照壁中横街),medical,医疗保健服务;医药保健销售店;药房,金牛区,104.036652,30.700648,1
西南交通大学九里校区医院,medical,医疗保健服务;综合医院;综合医院,金牛区,104.048041,30.7019,1
仁一堂诊所,medical,医疗保健服务;诊所;诊所,金牛区,104.046647,30.703277,1
喜悦药房(群星路药店),medical,医疗保健服务;医药保健销售店;药房,金牛区,104.048811,30.704226,1
世博医院,medical,医疗保健服务;综合医院;综合医院,金牛区,104.054087,30.70518,6
鑫华仁药房,medical,医疗保健服务;医药保健销售店;药房,金牛区,104.055886,30.700198,7
金牛蓉威诊所,medical,医疗保健服务;专科医院;口腔医院,金牛区,104.06083,30.707094,5
兴鸿保健,medical,医疗保健服务;医药保健销售店;药房,金牛区,104.063418,30.702577,20
翔和门诊部,medical,医疗保健服务;诊所;诊所,金牛区,104.063459,30.706765,4
齐盛诊所,medical,医疗保健服务;诊所;诊所,成华区,104.073767,30.707132,30
成都市龙诚大药房,medical,医疗保健服务;医药保健销售店;药房,金牛区,104.064703,30.704905,2
泰安门诊,medical,医疗保健服务;诊所;诊所,成华区,104.072776,30.704374,35
旭东诊所,medical,医疗保健服务;诊所;诊所,金牛区,104.065354,30.707643,3
辰鑫康大药房,medical,医疗保健服务;医药保健销售店;药房,金牛区,104.068539,30.702415,8
为尔康诊所(东沙街),medical,医疗保健服务;诊所;诊所,成华区,104.076134,30.708581,1
横桥社区卫生服务站,medical,医疗保健服务;综合医院;卫生院,成华区,104.088425,30.705971,4
康美臣药房,medical,医疗保健服务;医药保健销售店;药房,成华区,104.093241,30.701722,3
成华馨康诊所,medical,医疗保健服务;诊所;诊所,成华区,104.091064,30.706119,7
广济大药房,medical,医疗保健服务;医药保健销售店;药房,成华区,104.085792,30.702842,4
健平诊所,medical,医疗保健服务;诊所;诊所,成华区,104.08946,30.703112,4
佰灵诊所,medical,医疗保健服务;诊所;诊所,成华区,104.100571,30.702172,8
同清牙科诊所,medical,医疗保健服务;专科医院;口腔医院,成华区,104.103487,30.704785,5
龙一大药房,medical,医疗保健服务;医药保健销售店;药房,成华区,104.096989,30.70156,4
西林诊所,medical,医疗保健服务;诊所;诊所,成华区,104.110545,30.704587,39
康益诊所,medical,医疗保健服务;诊所;诊所,成华区,104.105504,30.702339,18
成华复康诊所,medical,医疗保健服务;诊所;诊所,成华区,104.105838,30.706713,3
成华治安诊所,medical,医疗保健服务;诊所;诊所,成华区,104.113555,30.703508,2
海滨湾社区卫生服务站,medical,医疗保健服务;综合医院;卫生院,成华区,104.11532,30.703098,1
成华区青龙社区卫生服务中心,medical,医疗保健服务;综合医院;卫生院,成华区,104.113657,30.701584,1
龙潭社区卫生服务中心,medical,医疗保健服务;综合医院;卫生院,成华区,104.162851,30.708169,1
成都市第二人民医院龙潭医院,medical,医疗保健服务;综合医院;综合医院,成华区,104.162205,30.700614,1
成华高氏康健诊所,medical,医疗保健服务;诊所;诊所,成华区,104.162176,30.703738,2
成华徐氏诊所,medical,医疗保健服务;诊所;诊所,成华区,104.157421,30.706244,1
瑞嘉大药房,medical,医疗保健服务;医药保健销售店;药房,成华区,104.159975,30.705028,3
瀚林口腔,medical,医疗保健服务;专科医院;口腔医院,成华区,104.16961,30.698838,12
德仁堂,medical,医疗保健服务;医药保健销售店;药房,成华区,104.165745,30.700027,14
勇康口腔,medical,医疗保健服务;专科医院;口腔医院,成华区,104.169865,30.702506,2
成华四和诊所,medical,医疗保健服务;诊所;诊所,成华区,104.17218,30.700872,4
文珍牙科,medical,医疗保健服务;专科医院;口腔医院,成华区,104.164933,30.706051,5
格瑞人康药房(龙潭寺店),medical,医疗保健服务;医药保健销售店;药房,成华区,104.172245,30.703355,1
黄田坝成飞社区卫生服务中心,medical,医疗保健服务;综合医院;卫生院,青羊区,103.965562,30.699452,2
福仁德药房,medical,医疗保健服务;医药保健销售店;药房,青羊区,103.973219,30.691601,6
青羊区青联药店,medical,医疗保健服务;医药保健销售店;药房,青羊区,103.967811,30.69716,2
回春堂(经二路店),medical,医疗保健服务;医药保健销售店;药房,青羊区,103.965935,30.697591,1
青羊仁济诊所,medical,医疗保健服务;诊所;诊所,青羊区,103.969976,30.695558,3
青羊杨先高诊所,medical,医疗保健服务;诊所;诊所,青羊区,103.972198,30.696745,2
青羊廷显诊所,medical,医疗保健服务;诊所;诊所,青羊区,103.965237,30.694264,4
长生堂诊所(清河一支路),medical,医疗保健服务;诊所;诊所,青羊区,103.970507,30.693439,1
青羊天吉诊所,medical,医疗保健服务;诊所;诊所,青羊区,103.982117,30.691553,3
青羊少兴诊所,medical,医疗保健服务;诊所;诊所,青羊区,103.989348,30.689458,4
青羊周开玉诊所,medical,医疗保健服务;诊所;诊所,青羊区,104.000399,30.694434,1
仲惟康药房,medical,医疗保健服务;医药保健销售店;药房,金牛区,104.011627,30.689427,9
金牛卓越口腔诊所,medical,医疗保健服务;专科医院;口腔医院,青羊区,104.008391,30.693812,2
弘宜大药房,medical,医疗保健服务;医药保健销售店;药房,金牛区,104.010999,30.698575,5
百汇吉民益诊所,medical,医疗保健服务;诊所;诊所,金牛区,104.006207,30.690662,4
为尔牙科(黄苑街),medical,医疗保健服务;专科医院;口腔医院,青羊区,104.003723,30.692772,1
一心堂,medical,医疗保健服务;医药保健销售店;药房,金牛区,104.012925,30.696716,6
金牛仁杏诊所,medical,医疗保健服务;诊所;诊所,金牛区,104.010386,30.692831,3
德润堂大药房(黄苑街),medical,医疗保健服务;医药保健销售店;药房,金牛区,104.009007,30.689923,1
同怡堂大药房,medical,医疗保健服务;医药保健销售店;药房,青羊区,104.004066,30.694677,1
安琪儿妇产医院行政楼,medical,医疗保健服务;专科医院;妇科医院,青羊区,104.005632,30.697364,2
德仁堂(黄忠路),medical,医疗保健服务;医药保健销售店;药房,金牛区,104.012548,30.692548,1
冠美牙科,medical,医疗保健服务;专科医院;口腔医院|医疗保健服务;诊所;诊所,金牛区,104.014712,30.69301,11
凌珑口腔,medical,医疗保健服务;专科医院;口腔医院,金牛区,104.017377,30.690023,5
安蓉路博乐诊所,medical,医疗保健服务;诊所;诊所,金牛区,104.022933,30.698683,73
红色吴氏诊所,medical,医疗保健服务;诊所;诊所,金牛区,104.017454,30.697989,7
金牛成宇诊所,medical,医疗保健服务;诊所;诊所,金牛区,104.015165,30.698196,2
喜悦药房(蜀汉路药店),medical,医疗保健服务;医药保健销售店;药房,金牛区,104.019386,30.692583,1
中医馆,medical,医疗保健服务;诊所;诊所,金牛区,104.022576,30.68786,29
花圃牙科(蜀明东路),medical,医疗保健服务;专科医院;口腔医院,金牛区,104.014841,30.696032,2
御手国医馆(一品天下店),medical,医疗保健服务;诊所;诊所,金牛区,104.022538,30.694845,3
营策诊所,medical,医疗保健服务;诊所;诊所,金牛区,104.030071,30.686098,128
五里墩陈氏诊所,medical,医疗保健服务;诊所;诊所,金牛区,104.030611,30.692501,1
美而口腔门诊部,medical,医疗保健服务;专科医院;口腔医院,金牛区,104.026072,30.699064,2
九四医院,medical,医疗保健服务;综合医院;综合医院,金牛区,104.030819,30.69575,3
金牛大德医馆诊所,medical,医疗保健服务;诊所;诊所,金牛区,104.03298,30.69561,2
乙连,medical,购物服务;购物相关场所;购物相关场所,金牛区,104.024444,30.690464,2
中国电子科技集团公司第十研究所门诊部,medical,医疗保健服务;诊所;诊所,金牛区,104.029324,30.694735,1
金房苑社区卫生服务站,medical,医疗保健服务;综合医院;卫生院,金牛区,104.037498,30.69778,1
名医馆,medical,医疗保健服务;医药保健销售店;药房,金牛区,104.036586,30.69421,46
蓉春堂大药房,medical,医疗保健服务;医药保健销售店;药房,金牛区,104.036708,30.690678,2
德仁堂(光荣店),medical,医疗保健服务;医药保健销售店;药房,金牛区,104.041983,30.690018,1
协兴诊所,medical,医疗保健服务;诊所;诊所,金牛区,104.040495,30.692552,6
助康诊所,medical,医疗保健服务;诊所;诊所,金牛区,104.039135,30.688946,5
沈跃全中医诊所,medical,医疗保健服务;诊所;诊所,金牛区,104.043346,30.694413,1
桑梓大药房,medical,医疗保健服务;医药保健销售店;药房,金牛区,104.035392,30.69845,2
金牛区吕氏叁才中医诊所,medical,医疗保健服务;诊所;诊所,金牛区,104.04312,30.695837,1
钟声诊所,medical,医疗保健服务;诊所;诊所,金牛区,104.050852,30.690675,72
三仙堂中医馆,medical,医疗保健服务;诊所;诊所,金牛区,104.044535,30.693119,4
雅韵诊所,medical,医疗保健服务;诊所;诊所,金牛区,104.044042,30.691068,3
成都金牛春天牙科门诊部,medical,医疗保健服务;专科医院;口腔医院,金牛区,104.049624,30.696691,1
德仁堂(成都加州花园酒店东南),medical,医疗保健服务;医药保健销售店;药房,金牛区,104.047156,30.693843,1
金玉诊所,medical,医疗保健服务;专科医院;口腔医院,金牛区,104.054083,30.695043,11
金牛瑞金牙科,medical,医疗保健服务;专科医院;口腔医院,金牛区,104.055221,30.697536,2
金牛同泰诊所,medical,医疗保健服务;诊所;诊所,金牛区,104.058716,30.689147,29
韩牙科,medical,医疗保健服务;专科医院;口腔医院,金牛区,104.056549,30.691647,1
名老中医馆,medical,医疗保健服务;诊所;诊所,金牛区,104.06334,30.69148,3
贝尔康大药房(九里堤南路店),medical,医疗保健服务;医药保健销售店;药房,金牛区,104.055258,30.690273,1
金牛区妇幼保健院-医疗区,medical,医疗保健服务;综合医院;综合医院,金牛区,104.067145,30.698289,18
跃恒口腔,medical,医疗保健服务;专科医院;口腔医院,金牛区,104.065228,30.69654,56
三山大药房(人北店),medical,医疗保健服务;医药保健销售店;药房,金牛区,104.070551,30.69576,1
喜悦药房(人北药店),medical,医疗保健服务;医药保健销售店;药房,金牛区,104.070518,30.693983,1
一心堂,medical,医疗保健服务;医药保健销售店;药房,金牛区,104.073533,30.690488,5
百信药业(辉润大药房),medical,医疗保健服务;医药保健销售店;药房,金牛区,104.068468,30.690776,2
瑞泰口腔医院(万达广场金牛店),medical,医疗保健服务;专科医院;口腔医院,金牛区,104.071376,30.690008,1
荷花池美牙诊所,medical,医疗保健服务;专科医院;口腔医院|医疗保健服务;诊所;诊所,金牛区,104.072449,30.695878,1
九鼎药房(北站西二路),medical,医疗保健服务;医药保健销售店;药房,金牛区,104.063907,30.689528,2
金牛方便药房,medical,医疗保健服务;医药保健销售店;药房,金牛区,104.074701,30.69799,16
内科口腔科,medical,医疗保健服务;专科医院;口腔医院,金牛区,104.076974,30.697493,13
华蓥诊所,medical,医疗保健服务;诊所;诊所,金牛区,104.081712,30.69666,5
金牛东风诊所,medical,医疗保健服务;诊所;诊所,金牛区,104.07815,30.690466,5
美林牙科,medical,医疗保健服务;专科医院;口腔医院|医疗保健服务;诊所;诊所,金牛区,104.081077,30.689765,8
五福堂大药房,medical,医疗保健服务;医药保健销售店;药房,金牛区,104.080156,30.692759,3
金牛福慈诊所,medical,医疗保健服务;诊所;诊所,金牛区,104.082402,30.692636,3
金牛诊所,medical,医疗保健服务;诊所;诊所,金牛区,104.083306,30.694085,2
416医院,medical,医疗保健服务;综合医院;综合医院,成华区,104.091482,30.691902,65
金牛高笋塘诊所,medical,医疗保健服务;诊所;诊所,金牛区,104.087766,30.693635,2
百信药业(二环路北三段店),medical,医疗保健服务;医药保健销售店;药房,金牛区,104.084599,30.695179,1
华安堂(高笋塘药店),medical,医疗保健服务;医药保健销售店;药房,金牛区,104.085895,30.693127,1
金牛回春堂诊所,medical,医疗保健服务;诊所;诊所,金牛区,104.084638,30.69167,3
一心堂(解放路药店),medical,医疗保健服务;医药保健销售店;药房,金牛区,104.08426,30.689982,2
本草堂药品(红旗巷铭艳店),medical,医疗保健服务;医药保健销售店;药房,金牛区,104.087195,30.69635,2
成华怡民堂诊所,medical,医疗保健服务;诊所;诊所,成华区,104.093194,30.697817,3
成都交通医院,medical,医疗保健服务;综合医院;综合医院,成华区,104.102057,30.69747,31
八理骨科,medical,医疗保健服务;专科医院;骨科医院,成华区,104.106649,30.687827,62
诚丰药房,medical,医疗保健服务;医药保健销售店;药房,成华区,104.09519,30.68974,2
成华区第四人民医院门诊,medical,医疗保健服务;诊所;诊所,成华区,104.107122,30.696092,2
华安堂(驷马桥便民店),medical,医疗保健服务;医药保健销售店;药房,成华区,104.10456,30.69722,1
成华区瑞御堂大药房,medical,医疗保健服务;医药保健销售店;药房,成华区,104.103973,30.692628,2
本草堂药品连锁(成华区川铁店),medical,医疗保健服务;医药保健销售店;药房,成华区,104.115734,30.689709,2
成华成梅诊所(二仙桥西北路),medical,医疗保健服务;诊所;诊所,成华区,104.118686,30.692812,1
成华崇仁中西医诊所,medical,医疗保健服务;诊所;诊所,成华区,104.137003,30.690748,2
瀚林口腔诊所,medical,医疗保健服务;专科医院;口腔医院,成华区,104.161721,30.698537,3
向龙村卫生站,medical,医疗保健服务;诊所;诊所,成华区,104.154401,30.694369,1
龙港医院,medical,医疗保健服务;综合医院;综合医院,成华区,104.164328,30.695603,4
成都成华汇博医院,medical,医疗保健服务;综合医院;综合医院,成华区,104.164132,30.690595,1
成华红耘诊所,medical,医疗保健服务;诊所;诊所,成华区,104.1727,30.697306,3
百信益寿药店,medical,医疗保健服务;医药保健销售店;药房,成华区,104.166326,30.691398,1
瀚林口腔诊所,medical,医疗保健服务;专科医院;口腔医院,成华区,104.176338,30.696569,2
贝尔康大药房,medical,医疗保健服务;医药保健销售店;药房,成华区,104.174722,30.697014,1
乌衣路药店,medical,医疗保健服务;医药保健销售店;药房,青羊区,103.966141,30.679885,5
悦美口腔诊所,medical,医疗保健服务;专科医院;口腔医院,青羊区,103.981803,30.680061,1
四要堂,medical,医疗保健服务;诊所;诊所,青羊区,103.98356,30.681006,13
勇拳诊所,medical,医疗保健服务;诊所;诊所,青羊区,103.983167,30.687183,3
成都青羊朗博医疗门诊部,medical,医疗保健服务;诊所;诊所,青羊区,103.990851,30.686511,1
成都市第一骨科医院,medical,医疗保健服务;专科医院;骨科医院,青羊区,103.986492,30.682045,1
熊小儿,medical,医疗保健服务;诊所;诊所,青羊区,103.989126,30.682562,2
青羊敬佩诊所,medical,医疗保健服务;诊所;诊所,青羊区,103.989725,30.684957,3
唯品口腔,medical,医疗保健服务;专科医院;口腔医院,青羊区,104.004951,30.678979,34
青羊启香诊所,medical,医疗保健服务;诊所;诊所,青羊区,103.999123,30.686475,2
百汇吉诊所(金鹏街),medical,医疗保健服务;诊所;诊所,青羊区,103.996454,30.68256,2
星蓝牙科,medical,医疗保健服务;专科医院;口腔医院,青羊区,103.994272,30.679062,7
安蓉福药房,medical,医疗保健服务;医药保健销售店;药房,青羊区,104.000969,30.685666,1
洪锋诊所,medical,医疗保健服务;诊所;诊所,青羊区,103.996548,30.685411,4
天使口腔医院(金凤路),medical,医疗保健服务;专科医院;口腔医院,青羊区,104.00785,30.685476,1
黄忠社区卫生服务中心,medical,医疗保健服务;综合医院;卫生院,金牛区,104.015937,30.687478,2
红吉堂,medical,医疗保健服务;诊所;诊所,青羊区,104.02378,30.674454,160
纯福牙科,medical,医疗保健服务;专科医院;口腔医院,青羊区,104.015356,30.682448,4
金牛区丹顶鹤诊所,medical,医疗保健服务;诊所;诊所,金牛区,104.014309,30.685951,3
青羊童德中医诊所,medical,医疗保健服务;诊所;诊所,青羊区,104.019109,30.684138,1
德福堂药房,medical,医疗保健服务;医药保健销售店;药房,青羊区,104.021961,30.680044,3
杨大鹏诊所,medical,医疗保健服务;诊所;诊所,青羊区,104.014767,30.680783,1
华安堂(抚琴店),medical,医疗保健服务;医药保健销售店;药房,金牛区,104.033223,30.680455,1
成都市少儿住院互助金定点医院,medical,医疗保健服务;综合医院;综合医院,青羊区,104.025221,30.682391,2
弥生三立中医馆,medical,医疗保健服务;诊所;诊所,金牛区,104.025803,30.689131,1
恒博医疗美容,medical,医疗保健服务;专科医院;整形美容,金牛区,104.040676,30.68618,31
顺馨诊所,medical,医疗保健服务;诊所;诊所,金牛区,104.042864,30.688732,6
留意牙科诊所,medical,医疗保健服务;专科医院;口腔医院|医疗保健服务;诊所;诊所,金牛区,104.041466,30.683049,11
仁惠口腔,medical,医疗保健服务;专科医院;口腔医院,金牛区,104.039468,30.677743,43
金琴口腔,medical,医疗保健服务;专科医院;口腔医院,金牛区,104.03601,30.682497,19
德春堂诊所,medical,医疗保健服务;诊所;诊所,金牛区,104.037078,30.689256,2
营通口腔诊所,medical,医疗保健服务;专科医院;口腔医院|医疗保健服务;诊所;诊所,金牛区,104.038657,30.680992,1
人鑫堂诊所,medical,医疗保健服务;诊所;诊所,金牛区,104.037755,30.685891,4
戴维中医诊所,medical,医疗保健服务;诊所;诊所,金牛区,104.042294,30.680555,2
仁达医药连锁(抚琴店),medical,医疗保健服务;医药保健销售店;药房,金牛区,104.034838,30.680203,1
明星医疗美容,medical,医疗保健服务;专科医院;整形美容,金牛区,104.048095,30.686341,11
视城名医馆,medical,医疗保健服务;诊所;诊所,金牛区,104.048703,30.679585,47
金牛新村锦南诊所,medical,医疗保健服务;诊所;诊所,金牛区,104.052329,30.688996,1
瑞敏诊所,medical,医疗保健服务;诊所;诊所,金牛区,104.045343,30.683728,6
口腔科,medical,医疗保健服务;专科医院;口腔医院,金牛区,104.055292,30.682335,16
金牛众康中西医诊所,medical,医疗保健服务;诊所;诊所,金牛区,104.052359,30.687195,1
铁道部第二勘测设计院医院,medical,医疗保健服务;综合医院;综合医院,金牛区,104.053258,30.683275,1
金牛区第二人民医院社区药物维持治疗门诊,medical,医疗保健服务;诊所;诊所,金牛区,104.050929,30.682164,1
和平医疗诊所,medical,医疗保健服务;诊所;诊所,金牛区,104.064146,30.685536,19
军民诊所(西城角巷),medical,医疗保健服务;诊所;诊所,青羊区,104.055554,30.679102,2
星空药房,medical,医疗保健服务;医药保健销售店;药房,金牛区,104.061788,30.687681,3
成都大学附属医院铁二院分院,medical,医疗保健服务;综合医院;综合医院,金牛区,104.05551,30.686106,1
金牛谊友诊所,medical,医疗保健服务;诊所;诊所,金牛区,104.054024,30.688158,3
金牛府青中医诊所,medical,医疗保健服务;诊所;诊所,金牛区,104.058369,30.681229,2
仨仁堂大药房(西体北路),medical,医疗保健服务;医药保健销售店;药房,金牛区,104.058416,30.685133,1
安富之家(免费体验店),medical,医疗保健服务;医药保健销售店;药房,金牛区,104.056084,30.681026,1
华夏中医馆,medical,医疗保健服务;诊所;诊所,金牛区,104.07039,30.684591,8
蓝海医院-北楼,medical,医疗保健服务;综合医院;综合医院,青羊区,104.067441,30.678982,144
五冶医院,medical,医疗保健服务;综合医院;综合医院,金牛区,104.073714,30.687805,34
江氏智能诊所,medical,医疗保健服务;诊所;诊所,金牛区,104.065974,30.683976,2
大华药房(成华西街),medical,医疗保健服务;医药保健销售店;药房,金牛区,104.068484,30.68482,1
宜康大药房,medical,医疗保健服务;医药保健销售店;药房,金牛区,104.066666,30.688098,2
拜欧大药房(星辉西路),medical,医疗保健服务;医药保健销售店;药房,金牛区,104.071299,30.681231,3
李垣红,medical,医疗保健服务;专科医院;口腔医院,金牛区,104.079562,30.680445,12
同吉康大药房,medical,医疗保健服务;医药保健销售店;药房,金牛区,104.076742,30.67968,10
洪鉴诊所,medical,医疗保健服务;诊所;诊所,金牛区,104.079851,30.686703,24
京西牙科,medical,医疗保健服务;诊所;诊所,金牛区,104.080651,30.684321,5
华民诊所(一环路北四段),medical,医疗保健服务;诊所;诊所,金牛区,104.082619,30.684097,1
素问堂中医诊所,medical,医疗保健服务;诊所;诊所,金牛区,104.079362,30.683364,1
嘉美康,medical,医疗保健服务;医药保健销售店;医药保健相关,金牛区,104.087973,30.68741,36
斯迈牙科,medical,医疗保健服务;专科医院;口腔医院,成华区,104.091845,30.683813,21
福泰堂,medical,医疗保健服务;医药保健销售店;药房,金牛区,104.085801,30.683273,40
王氏中草药,medical,医疗保健服务;医药保健销售店;药房,金牛区,104.089698,30.680273,6
思齐牙科,medical,医疗保健服务;专科医院;口腔医院,成华区,104.097618,30.68885,8
惠润大药房,medical,医疗保健服务;医药保健销售店;药房,成华区,104.097822,30.684786,8
益锦堂大药房,medical,医疗保健服务;医药保健销售店;药房,成华区,104.101824,30.682172,2
牙牙乐口腔诊所(二环路东一段),medical,医疗保健服务;专科医院;口腔医院,成华区,104.101704,30.684428,1
九鼎药房(建设北路东院社区东),medical,医疗保健服务;医药保健销售店;药房,成华区,104.098765,30.681415,1
成都八里医院,medical,医疗保健服务;综合医院;综合医院,成华区,104.113084,30.685258,7
秉智牙科,medical,医疗保健服务;诊所;诊所,成华区,104.111121,30.679447,7
益健大药房,medical,医疗保健服务;医药保健销售店;药房,成华区,104.10917,30.681546,2
华美便民诊所,medical,医疗保健服务;诊所;诊所,成华区,104.111324,30.683714,7
膏药章膏药铺,medical,医疗保健服务;医药保健销售店;药房,成华区,104.103983,30.682769,3
成华仕通诊所,medical,医疗保健服务;诊所;诊所,成华区,104.105815,30.680424,3
口腔,medical,医疗保健服务;专科医院;口腔医院,成华区,104.118177,30.687075,3
中医馆,medical,医疗保健服务;诊所;诊所,成华区,104.118321,30.681971,13
德善大药房,medical,医疗保健服务;医药保健销售店;药房,成华区,104.115081,30.680492,2
宏康中西医门诊,medical,医疗保健服务;诊所;诊所,成华区,104.121437,30.685502,1
成都市成华区第五人民医院,medical,医疗保健服务;综合医院;综合医院,成华区,104.124779,30.68251,5
妙善诊所,medical,医疗保健服务;诊所;诊所,成华区,104.133838,30.683153,46
鸿康药房,medical,医疗保健服务;医药保健销售店;药房,成华区,104.127666,30.685235,3
锦伦儿童专科,medical,医疗保健服务;专科医院;专科医院,成华区,104.129569,30.683866,2
成华雅筑诊所,medical,医疗保健服务;诊所;诊所,成华区,104.129045,30.68725,1
知音门诊,medical,医疗保健服务;诊所;诊所,成华区,104.12512,30.684964,1
大利诊所,medical,医疗保健服务;诊所;诊所,成华区,104.138591,30.685557,5
成华华川路诊所,medical,医疗保健服务;诊所;诊所,成华区,104.137268,30.679463,4
平乐康大药房,medical,医疗保健服务;医药保健销售店;药房,成华区,104.13868,30.683474,2
成华区兴宏科大药房,medical,医疗保健服务;医药保健销售店;药房,成华区,104.150878,30.684171,4
四川康贝大药房(益正药房),medical,医疗保健服务;医药保健销售店;药房,成华区,104.156762,30.686721,1
人和牙科,medical,医疗保健服务;专科医院;口腔医院,青羊区,103.971626,30.671896,2
华大方正门诊部,medical,医疗保健服务;诊所;诊所,青羊区,103.96409,30.674293,1
百汇吉好一生诊所,medical,医疗保健服务;诊所;诊所,青羊区,103.96516,30.672098,2
药品超市,medical,医疗保健服务;医药保健销售店;药房,青羊区,103.967182,30.673302,4
嘉美大药房(光华东三路),medical,医疗保健服务;医药保健销售店;药房,青羊区,103.97002,30.674424,2
益合堂大药房(培风路),medical,医疗保健服务;医药保健销售店;药房,青羊区,103.973508,30.673183,1
康顺大药房,medical,医疗保健服务;医药保健销售店;药房,青羊区,103.96655,30.676229,1
青羊区第九人民医院,medical,医疗保健服务;综合医院;综合医院,青羊区,103.980314,30.671995,8
洁美诊所,medical,医疗保健服务;诊所;诊所,青羊区,103.98194,30.673794,10
西诚大药房,medical,医疗保健服务;医药保健销售店;药房,青羊区,103.97726,30.671015,3
承博堂诊所,medical,医疗保健服务;诊所;诊所,青羊区,103.976762,30.674089,6
痣仁堂,medical,医疗保健服务;医药保健销售店;药房,青羊区,103.990218,30.673571,19
贝尔康大药房(健佳药房),medical,医疗保健服务;医药保健销售店;药房,青羊区,103.985428,30.677315,2
吉福堂药房,medical,医疗保健服务;医药保健销售店;药房,青羊区,103.994578,30.672661,3
若兰口腔,medical,医疗保健服务;专科医院;口腔医院,青羊区,104.001209,30.670404,64
益品药业,medical,医疗保健服务;医药保健销售店;药房,青羊区,103.997847,30.675599,7
博堂诊所,medical,医疗保健服务;诊所;诊所,青羊区,103.996037,30.671137,4
亚非牙科(双清路店),medical,医疗保健服务;专科医院;口腔医院|医疗保健服务;诊所;诊所,青羊区,103.996939,30.678676,1
青年钰森诊所,medical,医疗保健服务;诊所;诊所,青羊区,104.000931,30.675339,1
成楠大药房,medical,医疗保健服务;医药保健销售店;药房,青羊区,104.003454,30.675106,2
皮肤病专科,medical,医疗保健服务;专科医院;传染病医院,青羊区,104.014869,30.673896,9
成都嘉美整形,medical,医疗保健服务;专科医院;整形美容,青羊区,104.011004,30.674742,4
益生堂大药房,medical,医疗保健服务;医药保健销售店;药房,青羊区,104.006959,30.670504,3
立创健康大药房(清江店),medical,医疗保健服务;医药保健销售店;药房,青羊区,104.005457,30.674882,1
康得诊所,medical,医疗保健服务;诊所;诊所,青羊区,104.015081,30.676529,5
益安堂大药房,medical,医疗保健服务;医药保健销售店;药房,青羊区,104.017698,30.669547,10
青羊区富膏奇骨馆中医诊所,medical,医疗保健服务;专科医院;骨科医院,青羊区,104.019386,30.673263,1
成都胃病医院,medical,医疗保健服务;专科医院;专科医院,青羊区,104.029994,30.672772,6
瑞美大药房,medical,医疗保健服务;医药保健销售店;药房,金牛区,104.033862,30.67607,9
金鹿骨科,medical,医疗保健服务;诊所;诊所,青羊区,104.032263,30.670345,6
汇康大药房,medical,医疗保健服务;医药保健销售店;药房,青羊区,104.027531,30.676047,4
景华诊所,medical,医疗保健服务;诊所;诊所,金牛区,104.03045,30.67794,7
阳氏诊所(百寿路),medical,医疗保健服务;诊所;诊所,金牛区,104.031706,30.673691,1
中医馆,medical,医疗保健服务;诊所;诊所,金牛区,104.038714,30.66779,222
金琴南路社区卫生服务站(抚琴西南路12号院东),medical,医疗保健服务;综合医院;卫生院,金牛区,104.035023,30.678584,1
福道堂诊所,medical,医疗保健服务;诊所;诊所,金牛区,104.041175,30.673387,10
益延堂大药房,medical,医疗保健服务;医药保健销售店;药房,金牛区,104.03413,30.67276,3
青羊康华中医诊所,medical,医疗保健服务;诊所;诊所,青羊区,104.034432,30.670358,1
中医馆,medical,医疗保健服务;诊所;诊所,青羊区,104.055709,30.672261,302
瑞康大药房,medical,医疗保健服务;医药保健销售店;药房,金牛区,104.046099,30.671855,7
富康牙医诊所,medical,医疗保健服务;专科医院;口腔医院|医疗保健服务;诊所;诊所,金牛区,104.047089,30.676502,3
华医泌尿医学门诊部,medical,医疗保健服务;专科医院;专科医院,金牛区,104.043981,30.675791,3
重德口腔门诊部,medical,医疗保健服务;专科医院;口腔医院,青羊区,104.053124,30.67863,2
愚仁中医诊所,medical,医疗保健服务;诊所;诊所,金牛区,104.048658,30.673995,1
青羊区人民医院,medical,医疗保健服务;综合医院;卫生院,青羊区,104.057518,30.676169,7
御河社区卫生服务中心,medical,医疗保健服务;综合医院;卫生院,青羊区,104.063442,30.670548,3
永信康元诊所,medical,医疗保健服务;诊所;诊所,青羊区,104.061414,30.674934,3
琥和口腔,medical,医疗保健服务;专科医院;口腔医院,青羊区,104.0558,30.674448,4
德仁堂(江汉店),medical,医疗保健服务;医药保健销售店;药房,青羊区,104.061166,30.676814,1
人中药房,medical,医疗保健服务;医药保健销售店;药房,青羊区,104.064661,30.673305,41
成都瑞恩糖尿病医院,medical,医疗保健服务;专科医院;专科医院,青羊区,104.070782,30.671115,3
锦阳诊所,medical,医疗保健服务;诊所;诊所,青羊区,104.069716,30.674072,10
马泷齿科成都诊所,medical,医疗保健服务;专科医院;口腔医院|医疗保健服务;诊所;诊所,青羊区,104.067096,30.669905,4
德厚医馆,medical,医疗保健服务;诊所;诊所,青羊区,104.075219,30.673348,77
青羊区康永利大药房,medical,医疗保健服务;医药保健销售店;药房,青羊区,104.076378,30.671838,7
洪康诊所,medical,医疗保健服务;诊所;诊所,金牛区,104.082019,30.676746,5
禾一诊所,medical,医疗保健服务;诊所;诊所,锦江区,104.076096,30.667778,55
通顺诊所,medical,医疗保健服务;诊所;诊所,青羊区,104.079024,30.670183,3
中医馆,medical,医疗保健服务;诊所;诊所,金牛区,104.084217,30.678583,6
平价德源堂,medical,医疗保健服务;医药保健销售店;药房,青羊区,104.075555,30.676888,1
金牛李枝华中医骨科诊所,medical,医疗保健服务;诊所;诊所,金牛区,104.078523,30.677781,2
成都福泰堂药品(百姓康大药房),medical,医疗保健服务;医药保健销售店;药房,青羊区,104.082011,30.670608,1
石油成都医院,medical,医疗保健服务;综合医院;综合医院,成华区,104.091959,30.675704,24
四川省建筑医院-CT室,medical,医疗保健服务;综合医院;综合医院,金牛区,104.086725,30.674341,38
成都市中医医院,medical,医疗保健服务;综合医院;综合医院,青羊区,104.08567,30.670862,79
成都正好医学美容医院,medical,医疗保健服务;专科医院;整形美容,青羊区,104.084026,30.67393,4
锦江圣康诊所,medical,医疗保健服务;诊所;诊所,锦江区,104.089082,30.669852,1
海王星辰健康药房(建设北路一段店),medical,医疗保健服务;医药保健销售店;药房,成华区,104.088586,30.672938,1
电子科技大学医院,medical,医疗保健服务;综合医院;综合医院,成华区,104.10132,30.676668,2
光阳诊所,medical,医疗保健服务;诊所;诊所,成华区,104.104873,30.670202,135
郡阳诊所,medical,医疗保健服务;诊所;诊所,成华区,104.099404,30.665912,61
德驰牙科,medical,医疗保健服务;专科医院;口腔医院,成华区,104.095365,30.67502,1
成华晓袁诊所,medical,医疗保健服务;诊所;诊所,成华区,104.094058,30.677987,1
国光医院,medical,医疗保健服务;综合医院;综合医院,成华区,104.099054,30.671089,2
厂北路诊所,medical,医疗保健服务;诊所;诊所,成华区,104.105757,30.677964,3
华美牙科(东门店),medical,医疗保健服务;专科医院;口腔医院,成华区,104.106497,30.6753,1
兴星诊所,medical,医疗保健服务;专科医院;口腔医院|医疗保健服务;诊所;诊所,成华区,104.111003,30.67443,20
健之佳健康药房,medical,医疗保健服务;医药保健销售店;药房,成华区,104.109827,30.669804,1
德仁堂(伊藤洋华堂建设路店),medical,医疗保健服务;医药保健销售店;药房,成华区,104.106594,30.673718,2
药易购健康之家(二环路东二段药店),medical,医疗保健服务;医药保健销售店;药房,成华区,104.10793,30.671913,1
华众口腔,medical,医疗保健服务;专科医院;口腔医院,成华区,104.122342,30.674649,17
西南电管局职工医院,medical,医疗保健服务;综合医院;综合医院,成华区,104.126596,30.669637,6
龙康药房,medical,医疗保健服务;医药保健销售店;药房,成华区,104.13236,30.677783,4
成都理工大学医院,medical,医疗保健服务;综合医院;综合医院,成华区,104.140145,30.67921,1
九五诊所,medical,医疗保健服务;诊所;诊所,成华区,104.137257,30.671786,1
成华区学府大药房,medical,医疗保健服务;医药保健销售店;药房,成华区,104.141521,30.672599,1
利民中西医诊所(中环路崔家店路段),medical,医疗保健服务;诊所;诊所,成华区,104.135498,30.673926,1
成华区慈世济民诊所,medical,医疗保健服务;诊所;诊所,成华区,104.144996,30.679345,1
丛树村卫生站,medical,医疗保健服务;诊所;诊所,成华区,104.163646,30.67869,1
顺安诊所(万柳路),medical,医疗保健服务;诊所;诊所,青羊区,103.967007,30.660581,2
慧丰诊所,medical,医疗保健服务;诊所;诊所,青羊区,103.966144,30.667635,3
博妙诊所,medical,医疗保健服务;诊所;诊所,青羊区,103.972856,30.668692,4
宜佳诊所,medical,医疗保健服务;诊所;诊所,青羊区,103.976489,30.667214,13
琼英诊所,medical,医疗保健服务;诊所;诊所,青羊区,103.977933,30.662329,11
龙一药品,medical,医疗保健服务;医药保健销售店;药房,青羊区,103.981103,30.667622,3
敬德堂药店(万寿三路),medical,医疗保健服务;医药保健销售店;药房,青羊区,103.977803,30.664106,1
百汇吉便民健康民安康中西医诊所,medical,医疗保健服务;诊所;诊所,武侯区,103.974112,30.662415,1
和济堂,medical,医疗保健服务;诊所;诊所,青羊区,103.989825,30.668006,24
松月堂中医诊所,medical,医疗保健服务;诊所;诊所,青羊区,103.992764,30.663771,2
德祥大药房,medical,医疗保健服务;医药保健销售店;药房,武侯区,104.000254,30.660248,14
圣爱中医馆(优品道店),medical,医疗保健服务;诊所;诊所,青羊区,104.003108,30.664116,1
康骨坊,medical,医疗保健服务;专科医院;专科医院,青羊区,104.003207,30.668161,4
瑞丽牙科,medical,医疗保健服务;专科医院;口腔医院,青羊区,103.997595,30.664669,2
爱朋诊所,medical,医疗保健服务;诊所;诊所,青羊区,103.996264,30.669112,2
爱雅堂口腔,medical,医疗保健服务;专科医院;口腔医院|医疗保健服务;诊所;诊所,青羊区,104.000448,30.665349,2
仁康大药房(玉宇路),medical,医疗保健服务;医药保健销售店;药房,青羊区,103.993892,30.667803,1
青羊格林诊所(水岸格林西南),medical,医疗保健服务;诊所;诊所,青羊区,103.996721,30.665939,1
鑫华仁药房(东坡店),medical,医疗保健服务;医药保健销售店;药房,青羊区,103.994345,30.666445,1
华安堂(华忱大药房),medical,医疗保健服务;医药保健销售店;药房,青羊区,103.999077,30.667939,1
格瑞大药房(瑞南路店),medical,医疗保健服务;医药保健销售店;药房,青羊区,103.997657,30.667246,1
成都周围血管病医院,medical,医疗保健服务;专科医院;专科医院,青羊区,104.00938,30.6672,3
铸康诊所,medical,医疗保健服务;诊所;诊所,青羊区,104.010229,30.663447,5
青羊扶正中医诊所,medical,医疗保健服务;诊所;诊所,青羊区,104.006141,30.66493,3
光华门诊,medical,医疗保健服务;专科医院;口腔医院,青羊区,104.006952,30.667445,3
青羊区颐和堂大药房,medical,医疗保健服务;医药保健销售店;药房,青羊区,104.01365,30.661556,1
萱妮儿产后调理恢复中心(西门店),medical,医疗保健服务;专科医院;专科医院,青羊区,104.004847,30.66619,1
一心堂药店,medical,医疗保健服务;医药保健销售店;药房,青羊区,104.012939,30.66456,3
勇辉诊所,medical,医疗保健服务;诊所;诊所,青羊区,104.007787,30.66348,1
海归堂中医诊所,medical,医疗保健服务;诊所;诊所,青羊区,104.006085,30.661168,1
天度医学美容,medical,医疗保健服务;专科医院;整形美容,青羊区,104.018631,30.665685,5
成都市青羊区中医医院,medical,医疗保健服务;综合医院;综合医院,青羊区,104.016008,30.665045,4
承济堂中医诊疗馆,medical,医疗保健服务;诊所;诊所,青羊区,104.021022,30.664544,2
西南财经大学医院,medical,医疗保健服务;综合医院;综合医院,青羊区,104.014996,30.669107,1
安康堂大药房,medical,医疗保健服务;医药保健销售店;药房,青羊区,104.018992,30.662647,3
青羊区百乐康药房,medical,医疗保健服务;医药保健销售店;药房,青羊区,104.02303,30.665052,1
成都清杨华生莱顿医学门诊部,medical,医疗保健服务;诊所;诊所,青羊区,104.01913,30.659875,1
华仁大药房(家园南街),medical,医疗保健服务;医药保健销售店;药房,青羊区,104.0139,30.662989,1
晟德药房,medical,医疗保健服务;医药保健销售店;药房,青羊区,104.054223,30.666562,69
十二桥药房,medical,医疗保健服务;医药保健销售店;药房,金牛区,104.043782,30.666828,3
杏林牙医,medical,医疗保健服务;专科医院;口腔医院,青羊区,104.049656,30.66589,4
联勤部机关医院,medical,医疗保健服务;综合医院;综合医院,青羊区,104.047741,30.661439,3
妇产科医院,medical,医疗保健服务;专科医院;妇科医院,青羊区,104.052234,30.659785,14
圣菲牙科(金河路),medical,医疗保健服务;专科医院;口腔医院,青羊区,104.049843,30.663151,2
正安中医(成都店),medical,医疗保健服务;诊所;诊所,青羊区,104.047654,30.665026,2
抚南诊所,medical,医疗保健服务;诊所;诊所,金牛区,104.045902,30.66871,2
华安堂(通惠门店),medical,医疗保健服务;医药保健销售店;药房,青羊区,104.045616,30.665195,1
杜氏骨伤,medical,医疗保健服务;诊所;诊所,青羊区,104.052541,30.667904,6
福频诊所,medical,医疗保健服务;诊所;诊所,青羊区,104.058033,30.661465,67
洁西口腔诊所,medical,医疗保健服务;专科医院;口腔医院,青羊区,104.057375,30.665772,5
集美牙科,medical,医疗保健服务;专科医院;口腔医院|医疗保健服务;诊所;诊所,青羊区,104.062577,30.663647,3
微风牙科,medical,医疗保健服务;专科医院;口腔医院,青羊区,104.060206,30.663832,1
华安中医馆,medical,医疗保健服务;医药保健销售店;药房,青羊区,104.060427,30.667776,3
碧莲盛,medical,医疗保健服务;专科医院;整形美容,青羊区,104.068492,30.666913,2
德仁堂(涉处药店),medical,医疗保健服务;医药保健销售店;药房,锦江区,104.071826,30.661073,1
中医馆,medical,医疗保健服务;诊所;诊所,青羊区,104.071809,30.668864,2
祥太诊所,medical,医疗保健服务;诊所;诊所,青羊区,104.072538,30.665347,5
永和堂大药房,medical,医疗保健服务;医药保健销售店;药房,青羊区,104.064079,30.668842,2
华安堂,medical,医疗保健服务;医药保健销售店;药房,锦江区,104.074745,30.662698,40
御河诊所,medical,医疗保健服务;诊所;诊所,青羊区,104.065827,30.667826,2
成都大药房(提督店),medical,医疗保健服务;医药保健销售店;药房,青羊区,104.068969,30.662477,1
百信药业(鼓楼店),medical,医疗保健服务;医药保健销售店;药房,青羊区,104.070824,30.667014,4
中医馆,medical,医疗保健服务;诊所;诊所,锦江区,104.084517,30.661315,177
建国口腔(福德街),medical,医疗保健服务;专科医院;口腔医院,青羊区,104.080952,30.669339,1
成都锦江农工门诊部,medical,医疗保健服务;诊所;诊所,锦江区,104.080405,30.665061,3
华安堂药业(玉沙路店),medical,医疗保健服务;医药保健销售店;药房,锦江区,104.081017,30.667545,1
同仁堂药店,medical,医疗保健服务;医药保健销售店;药房,锦江区,104.077837,30.661353,3
海天药房(中新街),medical,医疗保健服务;医药保健销售店;药房,锦江区,104.073943,30.659588,1
成华慈济堂诊所,medical,医疗保健服务;诊所;诊所,成华区,104.094121,30.664396,61
同济,medical,医疗保健服务;医药保健销售店;药房,成华区,104.09156,30.661435,8
王氏口腔诊所,medical,医疗保健服务;专科医院;口腔医院,锦江区,104.084567,30.660104,1
锦江宗塔诊所,medical,医疗保健服务;诊所;诊所,锦江区,104.089206,30.66314,2
成都大药房(南新店),medical,医疗保健服务;医药保健销售店;药房,成华区,104.102502,30.667018,4
天德药房,medical,医疗保健服务;医药保健销售店;药房,成华区,104.09678,30.662656,8
翔飞诊所,medical,医疗保健服务;诊所;诊所,成华区,104.094964,30.668074,1
格瑞大药房(康复店),medical,医疗保健服务;医药保健销售店;药房,成华区,104.09543,30.666131,1
康福隆平价药房(天康药店),medical,医疗保健服务;医药保健销售店;药房,成华区,104.097361,30.659701,1
成都西囡妇科医院,medical,医疗保健服务;专科医院;妇科医院,成华区,104.109375,30.666556,2
成都华医门诊部,medical,医疗保健服务;诊所;诊所,成华区,104.112366,30.665024,2
洁美牙科,medical,医疗保健服务;专科医院;口腔医院|医疗保健服务;诊所;诊所,成华区,104.108216,30.660134,15
成华雁蓉中西医诊所,medical,医疗保健服务;诊所;诊所,成华区,104.104814,30.659824,2
中医馆,medical,医疗保健服务;诊所;诊所,成华区,104.106896,30.66399,6
成都面瘫医院,medical,医疗保健服务;综合医院;综合医院,成华区,104.112616,30.658995,10
拜欧大药房(东秀一路),medical,医疗保健服务;医药保健销售店;药房,成华区,104.113485,30.663221,1
成都市华川医院,medical,医疗保健服务;综合医院;综合医院,成华区,104.118706,30.664802,2
成华美希诊所,medical,医疗保健服务;诊所;诊所,成华区,104.116231,30.661665,6
跳蹬诊所,medical,医疗保健服务;诊所;诊所,成华区,104.122451,30.660931,3
成华区跳蹬河社区卫生服务中心,medical,医疗保健服务;综合医院;卫生院,成华区,104.125379,30.661129,1
永安堂药店,medical,医疗保健服务;医药保健销售店;药房,成华区,104.12999,30.663001,6
成都成华陈氏诊所,medical,医疗保健服务;诊所;诊所,成华区,104.139515,30.667726,3
成华华辰诊所,medical,医疗保健服务;诊所;诊所,成华区,104.143561,30.665805,5
成华夏氏为民诊所,medical,医疗保健服务;诊所;诊所,成华区,104.134686,30.668632,4
成华区人欣堂药房,medical,医疗保健服务;医药保健销售店;药房,成华区,104.134114,30.666424,3
邓草药,medical,医疗保健服务;医药保健销售店;药房,武侯区,103.977821,30.651733,49
湘北诊所,medical,医疗保健服务;诊所;诊所,武侯区,103.967815,30.65,13
诚鑫大药房,medical,医疗保健服务;医药保健销售店;药房,武侯区,103.969371,30.655095,3
治平诊所,medical,医疗保健服务;诊所;诊所,武侯区,103.966394,30.658037,8
华王药房,medical,医疗保健服务;医药保健销售店;药房,武侯区,103.971217,30.658779,1
泰林大药房,medical,医疗保健服务;医药保健销售店;药房,武侯区,103.964998,30.656163,2
华王药房,medical,医疗保健服务;医药保健销售店;药房,武侯区,103.973459,30.658802,1
锦康大药房,medical,医疗保健服务;医药保健销售店;药房,武侯区,103.969451,30.65704,2
九华药房(康乐店),medical,医疗保健服务;医药保健销售店;药房,武侯区,103.979382,30.658775,1
武侯永康诊所,medical,医疗保健服务;诊所;诊所,武侯区,103.975312,30.650418,1
欢浴堂,medical,医疗保健服务;医药保健销售店;药房,武侯区,103.994746,30.653523,73
机投镇万寿村医疗室,medical,医疗保健服务;诊所;诊所,武侯区,103.986939,30.655936,1
成通医院,medical,医疗保健服务;综合医院;综合医院,武侯区,103.98732,30.650765,4
传世口腔,medical,医疗保健服务;专科医院;口腔医院,武侯区,103.992177,30.651462,2
武侯区万顺大药房,medical,医疗保健服务;医药保健销售店;药房,武侯区,103.989092,30.654097,1
忠明诊所,medical,医疗保健服务;诊所;诊所,武侯区,103.994535,30.649716,10
晋阳社区卫生服务中心,medical,医疗保健服务;综合医院;卫生院,武侯区,104.002968,30.651241,1
生珍诊所,medical,医疗保健服务;诊所;诊所,武侯区,103.998723,30.657195,11
德安堂大药房,medical,医疗保健服务;医药保健销售店;药房,武侯区,103.997903,30.650272,1
永华诊所(龙腾西路),medical,医疗保健服务;诊所;诊所,武侯区,104.003322,30.653474,1
成都艾米丽医疗美容门诊,medical,医疗保健服务;专科医院;整形美容,武侯区,104.007201,30.654281,1
青羊区光华社区卫生服务中心,medical,医疗保健服务;综合医院;卫生院,青羊区,104.006147,30.658455,2
8991自然健康,medical,医疗保健服务;医药保健销售店;医药保健相关,武侯区,104.009226,30.650705,9
爱齿口腔,medical,医疗保健服务;专科医院;口腔医院,武侯区,104.01332,30.653157,25
安龢堂中医馆,medical,医疗保健服务;诊所;诊所,武侯区,104.005961,30.652887,5
华仁牙科,medical,医疗保健服务;诊所;诊所,武侯区,104.019716,30.651204,12
圣贝牙科(龙腾东路),medical,医疗保健服务;专科医院;口腔医院,武侯区,104.017719,30.654739,1
口腔科,medical,医疗保健服务;专科医院;口腔医院,武侯区,104.029139,30.647993,121
花田医学美容,medical,医疗保健服务;专科医院;整形美容,青羊区,104.01904,30.658405,1
中医馆,medical,医疗保健服务;诊所;诊所,武侯区,104.01557,30.653716,2
四川康贝大药房(保仁堂大药房),medical,医疗保健服务;医药保健销售店;药房,武侯区,104.0156,30.655471,1
四川省人民医院门诊诊疗区,medical,医疗保健服务;综合医院;综合医院,青羊区,104.026776,30.654462,9
淳和中医诊所,medical,医疗保健服务;诊所;诊所,武侯区,104.030743,30.649373,4
青羊德馨诊所,medical,医疗保健服务;诊所;诊所,青羊区,104.036347,30.658477,3
成都体育医院,medical,医疗保健服务;专科医院;专科医院,武侯区,104.038375,30.653774,90
华安堂(大石西路店),medical,医疗保健服务;医药保健销售店;药房,青羊区,104.034014,30.653554,1
晨朴中医,medical,医疗保健服务;诊所;诊所,武侯区,104.041577,30.654405,5
医问,medical,医疗保健服务;诊所;诊所,青羊区,104.044801,30.65709,5
本草堂,medical,医疗保健服务;医药保健销售店;药房,武侯区,104.052258,30.651693,26
明仁雅仕齿科,medical,医疗保健服务;专科医院;口腔医院,青羊区,104.050412,30.656463,4
九康大药房(锦里店),medical,医疗保健服务;医药保健销售店;药房,青羊区,104.048592,30.655622,1
泽文诊所,medical,医疗保健服务;诊所;诊所,青羊区,104.055538,30.656732,23
成都中山骨科医院,medical,医疗保健服务;专科医院;骨科医院,青羊区,104.058879,30.652468,6
冬林口腔,medical,医疗保健服务;专科医院;口腔医院,青羊区,104.060609,30.656722,6
百信药业(文庙前街),medical,医疗保健服务;医药保健销售店;药房,青羊区,104.054273,30.654578,1
康百堂,medical,医疗保健服务;医药保健销售店;药房,青羊区,104.055204,30.651721,1
名医馆,medical,医疗保健服务;医药保健销售店;药房,锦江区,104.0677,30.655939,97
四川德仁堂,medical,医疗保健服务;医药保健销售店;药房,锦江区,104.073907,30.655235,32
九鼎药房(指挥店),medical,医疗保健服务;医药保健销售店;药房,锦江区,104.06485,30.654016,2
龙环口腔,medical,医疗保健服务;专科医院;口腔医院|医疗保健服务;诊所;诊所,锦江区,104.06396,30.656108,2
泓川诊所,medical,医疗保健服务;诊所;诊所,锦江区,104.075346,30.651367,22
封帛友花卉诊所,medical,医疗保健服务;诊所;诊所,锦江区,104.069415,30.651236,2
北京同仁堂,medical,医疗保健服务;医药保健销售店;药房,锦江区,104.064229,30.65843,1
雷允上(新开街),medical,医疗保健服务;医药保健销售店;药房,锦江区,104.06645,30.651386,2
妙手医馆,medical,医疗保健服务;诊所;诊所,锦江区,104.080918,30.649187,6
纱帽街中医诊所,medical,医疗保健服务;诊所;诊所,锦江区,104.078718,30.654016,2
青齿牙科诊所,medical,医疗保健服务;专科医院;口腔医院,锦江区,104.076741,30.655366,1
科发源,medical,医疗保健服务;专科医院;整形美容,锦江区,104.081224,30.653319,2
井手牙科,medical,医疗保健服务;专科医院;口腔医院,锦江区,104.077121,30.657208,1
万康诊所,medical,医疗保健服务;诊所;诊所,锦江区,104.088113,30.653417,52
南山堂药房,medical,医疗保健服务;医药保健销售店;药房,成华区,104.091354,30.657604,5
乐美牙科,medical,医疗保健服务;专科医院;口腔医院,锦江区,104.091714,30.650284,9
花乡诊所,medical,医疗保健服务;诊所;诊所,锦江区,104.09098,30.652422,2
贝臣齿科,medical,医疗保健服务;诊所;诊所,锦江区,104.088611,30.649571,1
攀钢集团成都医院,medical,医疗保健服务;综合医院;综合医院,成华区,104.100178,30.651093,27
双林口腔,medical,医疗保健服务;专科医院;口腔医院,成华区,104.100728,30.658271,8
祥和康复诊所,medical,医疗保健服务;诊所;诊所,成华区,104.096051,30.658697,7
福康药房,medical,医疗保健服务;医药保健销售店;药房,锦江区,104.095363,30.649539,25
成都新华医院,medical,医疗保健服务;综合医院;综合医院,成华区,104.101185,30.653547,35
中医馆,medical,医疗保健服务;诊所;诊所,成华区,104.094963,30.655321,18
五冶医院,medical,医疗保健服务;综合医院;综合医院,成华区,104.101286,30.655598,3
康泰药房,medical,医疗保健服务;医药保健销售店;药房,成华区,104.098434,30.655045,6
城东医院,medical,医疗保健服务;综合医院;综合医院,成华区,104.10713,30.655715,6
南光医院,medical,医疗保健服务;综合医院;综合医院,成华区,104.107465,30.650988,30
万年泰康诊所,medical,医疗保健服务;诊所;诊所,成华区,104.111523,30.656254,8
成华华瑞诊所,medical,医疗保健服务;诊所;诊所,成华区,104.108862,30.654487,4
海王星辰中医坐堂诊所,medical,医疗保健服务;诊所;诊所,成华区,104.111377,30.653267,4
同德堂药房,medical,医疗保健服务;医药保健销售店;药房,成华区,104.105,30.654103,4
成都市人民中西医医院,medical,医疗保健服务;诊所;诊所,成华区,104.103927,30.655674,1
大友牙科,medical,医疗保健服务;专科医院;口腔医院,成华区,104.117205,30.654382,31
联合新诊所,medical,医疗保健服务;诊所;诊所,成华区,104.115259,30.658247,6
成华联谊诊所,medical,医疗保健服务;诊所;诊所,成华区,104.118348,30.658002,4
华杏大药房(双成三路),medical,医疗保健服务;医药保健销售店;药房,成华区,104.115928,30.649161,5
安康诊所(禾田路),medical,医疗保健服务;诊所;诊所,成华区,104.121482,30.656339,1
成毅康缘大药房(双庆店),medical,医疗保健服务;医药保健销售店;药房,成华区,104.119741,30.650779,1
成都成华友爱诊所,medical,医疗保健服务;诊所;诊所,成华区,104.128357,30.65666,2
大利诊所(生育文化大院西北),medical,医疗保健服务;诊所;诊所,成华区,104.13376,30.658204,2
百姓药业,medical,医疗保健服务;医药保健销售店;药房,成华区,104.140161,30.655979,17
成华顺诚诊所,medical,医疗保健服务;诊所;诊所,成华区,104.138728,30.651911,5
双林中西医诊所,medical,医疗保健服务;诊所;诊所,成华区,104.142669,30.652168,3
中药馆,medical,医疗保健服务;医药保健销售店;药房,成华区,104.14663,30.65779,12
四川贝尔康大药房(禾稼大药房),medical,医疗保健服务;医药保健销售店;药房,成华区,104.153363,30.652745,1
武侯区福满堂药房,medical,医疗保健服务;医药保健销售店;药房,武侯区,103.972319,30.642263,3
康友诊所,medical,医疗保健服务;诊所;诊所,武侯区,103.971656,30.647216,7
白佛社区家庭医生工作室,medical,医疗保健服务;诊所;诊所,武侯区,103.965002,30.647228,1
本草堂药品(机投店),medical,医疗保健服务;医药保健销售店;药房,武侯区,103.964867,30.643799,1
武新社区卫生服务站,medical,医疗保健服务;综合医院;卫生院,武侯区,103.975345,30.6397,1
淑蓉诊所,medical,医疗保健服务;诊所;诊所,武侯区,103.982416,30.64277,36
武侯乾坤诊所,medical,医疗保健服务;诊所;诊所,武侯区,103.976458,30.643104,2
玉林春红诊所,medical,医疗保健服务;诊所;诊所,武侯区,103.977062,30.645571,1
武侯刘建平诊所,medical,医疗保健服务;诊所;诊所,武侯区,103.975516,30.644922,2
立创健康大药房(武青东一路店),medical,医疗保健服务;医药保健销售店;药房,武侯区,103.978636,30.645932,1
永如诊所,medical,医疗保健服务;诊所;诊所,武侯区,103.991555,30.64431,6
元凯诊所,medical,医疗保健服务;诊所;诊所,武侯区,103.990202,30.646632,7
口腔科,medical,医疗保健服务;专科医院;口腔医院,武侯区,103.99423,30.641103,15
同福堂药房(武青东四路),medical,医疗保健服务;医药保健销售店;药房,武侯区,103.987799,30.643022,1
家春诊所,medical,医疗保健服务;诊所;诊所,武侯区,104.001228,30.642931,7
曹真元诊所,medical,医疗保健服务;诊所;诊所,武侯区,103.998504,30.645831,1
尹杨诊所,medical,医疗保健服务;诊所;诊所,武侯区,104.00128,30.647096,4
济盛堂,medical,医疗保健服务;诊所;诊所,武侯区,104.014767,30.646205,17
食疗,medical,医疗保健服务;医药保健销售店;医药保健相关,武侯区,104.013687,30.640507,45
景华堂大药房,medical,医疗保健服务;医药保健销售店;药房,武侯区,104.005773,30.640495,6
DR口腔定制,medical,医疗保健服务;诊所;诊所,武侯区,104.01093,30.648031,1
科创大药房(武侯康栖店),medical,医疗保健服务;医药保健销售店;药房,武侯区,104.011402,30.644369,1
九寿堂大药房,medical,医疗保健服务;医药保健销售店;药房,武侯区,104.009501,30.641074,1
武侯区鸿康诊所,medical,医疗保健服务;诊所;诊所,武侯区,104.018452,30.642655,6
中医馆,medical,医疗保健服务;诊所;诊所,武侯区,104.025016,30.63964,79
中楠牙科,medical,医疗保健服务;专科医院;口腔医院,武侯区,104.01618,30.649215,1
上品口腔,medical,医疗保健服务;专科医院;口腔医院,武侯区,104.036391,30.636688,132
佳和口腔(广厦巷),medical,医疗保健服务;专科医院;口腔医院,武侯区,104.029319,30.648353,2
华安堂(体院店),medical,医疗保健服务;医药保健销售店;药房,武侯区,104.038772,30.648913,4
爵丽医疗美容,medical,医疗保健服务;专科医院;整形美容,武侯区,104.040472,30.642195,3
永禄诊所,medical,医疗保健服务;诊所;诊所,武侯区,104.042022,30.64604,8
晨星诊所,medical,医疗保健服务;诊所;诊所,武侯区,104.042502,30.643447,3
福康堂大药房(一环路南四段),medical,医疗保健服务;医药保健销售店;药房,武侯区,104.038636,30.641544,1
贝尔康大药房(高升桥路店),medical,医疗保健服务;医药保健销售店;药房,武侯区,104.03604,30.6419,1
华西名医,medical,医疗保健服务;专科医院;专科医院,武侯区,104.056334,30.641868,167
同善堂国医馆,medical,医疗保健服务;诊所;诊所,武侯区,104.047852,30.647044,3
光清诊所,medical,医疗保健服务;诊所;诊所,武侯区,104.048569,30.644523,36
堂正诊所,medical,医疗保健服务;诊所;诊所,武侯区,104.051542,30.648541,6
西南民族大学校医院,medical,医疗保健服务;综合医院;综合医院,武侯区,104.04429,30.641109,3
郭念华牙科,medical,医疗保健服务;专科医院;口腔医院,武侯区,104.044814,30.645408,1
藏医诊所(洗面桥巷),medical,医疗保健服务;诊所;诊所,武侯区,104.050681,30.642276,3
同庆医药科技,medical,医疗保健服务;医药保健销售店;药房,武侯区,104.063299,30.642093,55
华西牙种植医院,medical,医疗保健服务;专科医院;口腔医院,武侯区,104.063138,30.645179,46
四川大学华西校区公共卫生学院(华西第四医院)健康管理中心,medical,医疗保健服务;综合医院;综合医院,武侯区,104.061404,30.643731,2
积熙诊所,medical,医疗保健服务;诊所;诊所,武侯区,104.06123,30.640252,1
常春藤大药房,medical,医疗保健服务;医药保健销售店;药房,武侯区,104.068357,30.639812,10
科健唯美眼科医院,medical,医疗保健服务;专科医院;眼科医院,锦江区,104.070682,30.649051,14
成都空军机关医院,medical,医疗保健服务;综合医院;综合医院,武侯区,104.07366,30.642056,67
传贤诊所,medical,医疗保健服务;诊所;诊所,武侯区,104.071654,30.645359,16
宝康诊所(胜利佳苑西),medical,医疗保健服务;诊所;诊所,武侯区,104.070845,30.643178,1
德仁堂(小天竺药店),medical,医疗保健服务;医药保健销售店;药房,武侯区,104.065223,30.645357,1
丽锦口腔,medical,医疗保健服务;专科医院;口腔医院|医疗保健服务;诊所;诊所,武侯区,104.077651,30.644288,128
成都大药房(九眼桥店),medical,医疗保健服务;医药保健销售店;药房,武侯区,104.083313,30.640996,2
吉芳口腔,medical,医疗保健服务;专科医院;口腔医院,武侯区,104.081213,30.643522,4
思迈口腔(青莲上街),medical,医疗保健服务;专科医院;口腔医院,锦江区,104.078375,30.647168,1
四川音乐学院校本部校医院,medical,医疗保健服务;诊所;诊所,武侯区,104.077189,30.640866,1
君悦药房,medical,医疗保健服务;医药保健销售店;药房,武侯区,104.080737,30.641903,1
许伯琴中医诊所,medical,医疗保健服务;诊所;诊所,武侯区,104.0841,30.642436,4
水井坊社区卫生服务中心,medical,医疗保健服务;综合医院;卫生院,锦江区,104.086765,30.644384,4
涛美医学,medical,医疗保健服务;专科医院;整形美容,锦江区,104.092936,30.640566,28
水井药房,medical,医疗保健服务;医药保健销售店;药房,锦江区,104.084136,30.64761,2
拜尔口腔,medical,医疗保健服务;专科医院;口腔医院|医疗保健服务;诊所;诊所,锦江区,104.092508,30.645061,12
锦江紫东诊所,medical,医疗保健服务;诊所;诊所,锦江区,104.086246,30.648221,1
慧华鑫中医馆,medical,医疗保健服务;诊所;诊所,锦江区,104.086206,30.646168,1
中医馆,medical,医疗保健服务;诊所;诊所,锦江区,104.098691,30.640703,19
成都权健医院,medical,医疗保健服务;专科医院;肿瘤医院,锦江区,104.096321,30.647085,4
锦江乾圆诊所,medical,医疗保健服务;诊所;诊所,锦江区,104.102023,30.643465,3
成功诊所(大田坎街),medical,医疗保健服务;诊所;诊所,锦江区,104.100029,30.645702,2
锦江御皇堂诊所,medical,医疗保健服务;诊所;诊所,锦江区,104.097974,30.642388,1
同仁康药堂,medical,医疗保健服务;医药保健销售店;药房,成华区,104.104057,30.647926,12
会东诊所,medical,医疗保健服务;诊所;诊所,成华区,104.107824,30.648751,2
肖小儿国医馆,medical,医疗保健服务;诊所;诊所|医疗保健服务;综合医院;综合医院,锦江区,104.105287,30.64379,2
保康门诊,medical,医疗保健服务;诊所;诊所,锦江区,104.103922,30.640429,1
桑梓药号,medical,医疗保健服务;医药保健销售店;药房,成华区,104.115005,30.645648,8
成都市成华区社区药物维持治疗门诊,medical,医疗保健服务;诊所;诊所,成华区,104.106884,30.646361,1
成华华联中西医诊所,medical,医疗保健服务;诊所;诊所,成华区,104.121363,30.645457,5
四川贝尔康大药房(仁心堂大药房),medical,医疗保健服务;医药保健销售店;药房,成华区,104.123424,30.649169,1
天年中医诊所,medical,医疗保健服务;诊所;诊所,成华区,104.121999,30.647608,3
成华东林瑞阳诊所,medical,医疗保健服务;诊所;诊所,成华区,104.127352,30.647429,1
瑞康大药房,medical,医疗保健服务;医药保健销售店;药房,成华区,104.1273,30.640797,2
成华长康诊所,medical,医疗保健服务;诊所;诊所,成华区,104.137738,30.644441,7
成华胡氏中医诊所,medical,医疗保健服务;诊所;诊所,成华区,104.13784,30.647866,3
御惠堂大药房,medical,医疗保健服务;医药保健销售店;药房,成华区,104.141391,30.641067,1
无极限(建材路),medical,医疗保健服务;医药保健销售店;医药保健相关,成华区,104.140543,30.645263,2
成华人天诊所,medical,医疗保健服务;诊所;诊所,成华区,104.150987,30.646071,10
成都市成华区第六人民医院,medical,医疗保健服务;综合医院;综合医院,成华区,104.144801,30.64167,1
口腔科,medical,医疗保健服务;专科医院;口腔医院,成华区,104.1487,30.640419,2
华荣诊所(东虹路),medical,医疗保健服务;诊所;诊所,成华区,104.149599,30.641891,1
斑竹社区卫生服务站,medical,医疗保健服务;综合医院;卫生院,成华区,104.158541,30.639711,1
和瑞大药房(天鹅路),medical,医疗保健服务;医药保健销售店;药房,成华区,104.154039,30.640865,3
康福堂药房(金兴北路),medical,医疗保健服务;医药保健销售店;药房,武侯区,103.965004,30.631435,4
武侯左凯诊所,medical,医疗保健服务;诊所;诊所,武侯区,103.983521,30.630224,6
武侯区机投桥潮音社区卫生服务站,medical,医疗保健服务;综合医院;卫生院,武侯区,103.984517,30.637931,1
成都现代医院新城院区,medical,医疗保健服务;综合医院;综合医院,武侯区,103.991802,30.634431,1
景菱诊所,medical,医疗保健服务;诊所;诊所,武侯区,103.989202,30.63818,2
武侯海涛诊所,medical,医疗保健服务;诊所;诊所,武侯区,103.992116,30.632663,2
华亿牙科,medical,医疗保健服务;专科医院;口腔医院,武侯区,103.998599,30.635697,12
甘路宝力,medical,医疗保健服务;医药保健销售店;医药保健相关,武侯区,104.001758,30.636635,2
顺洁诊所,medical,医疗保健服务;诊所;诊所,武侯区,103.999754,30.63193,1
武侯区福瑞堂大药房,medical,医疗保健服务;医药保健销售店;药房,武侯区,104.002427,30.629747,1
道生一药房,medical,医疗保健服务;医药保健销售店;药房,武侯区,104.002662,30.632781,2
永顺堂大药房(金楠·缤纷小区东北),medical,医疗保健服务;医药保健销售店;药房,武侯区,103.998809,30.639276,1
武侯区桐仁康药房,medical,医疗保健服务;医药保健销售店;药房,武侯区,103.996732,30.63798,2
杨仲学诊所,medical,医疗保健服务;诊所;诊所,武侯区,104.008407,30.637648,8
武侯禄洪诊所,medical,医疗保健服务;诊所;诊所,武侯区,104.012402,30.63523,5
一米健康(新界店),medical,医疗保健服务;医药保健销售店;医药保健相关,武侯区,104.012008,30.631291,1
康乐药房,medical,医疗保健服务;医药保健销售店;药房,武侯区,104.011883,30.632874,2
怡欣诊所(太平园中六路),medical,医疗保健服务;诊所;诊所,武侯区,104.003768,30.633913,1
杏林大药房(晋吉店),medical,医疗保健服务;医药保健销售店;药房,武侯区,104.007386,30.638827,1
中新药业(康福大药房),medical,医疗保健服务;医药保健销售店;药房,武侯区,104.022485,30.636752,2
永康诊所(红牌楼一街),medical,医疗保健服务;诊所;诊所,武侯区,104.023431,30.635416,1
大华药房(太平盛世店),medical,医疗保健服务;医药保健销售店;药房,武侯区,104.016808,30.638325,1
庐火神扶阳中医馆,medical,医疗保健服务;诊所;诊所,武侯区,104.0326,30.631755,3
吕勇诊所,medical,医疗保健服务;诊所;诊所,武侯区,104.025862,30.631866,5
瑞丰堂大药房(二环路南四段),medical,医疗保健服务;医药保健销售店;药房,武侯区,104.031507,30.63626,1
联康诊所,medical,医疗保健服务;诊所;诊所,武侯区,104.041459,30.634902,30
国医馆,medical,医疗保健服务;诊所;诊所,武侯区,104.040522,30.638458,2
成都市武侯区第五人民医院,medical,医疗保健服务;综合医院;综合医院,武侯区,104.037062,30.631327,1
吉祥便民诊所,medical,医疗保健服务;诊所;诊所,武侯区,104.043077,30.630184,2
成安诊所,medical,医疗保健服务;诊所;诊所,武侯区,104.038789,30.631475,1
王氏中西医结合诊所,medical,医疗保健服务;诊所;诊所,武侯区,104.04128,30.631965,2
本草堂爱康大药房(肖家河街店),medical,医疗保健服务;医药保健销售店;药房,武侯区,104.040146,30.629982,2
玉林牙科,medical,医疗保健服务;诊所;诊所,武侯区,104.050267,30.63169,7
高新增川诊所,medical,医疗保健服务;诊所;诊所,武侯区,104.047043,30.632491,6
高新华南医院,medical,医疗保健服务;综合医院;综合医院,武侯区,104.05197,30.629829,4
海天药房(衣冠庙店),medical,医疗保健服务;医药保健销售店;药房,武侯区,104.045606,30.638728,2
梵林伽,medical,医疗保健服务;医药保健销售店;药房,武侯区,104.055573,30.631285,7
口腔种植,medical,医疗保健服务;专科医院;口腔医院,武侯区,104.048593,30.629128,6
益康诊所(新能巷),medical,医疗保健服务;诊所;诊所,武侯区,104.051979,30.634392,3
成都市南桥中药店,medical,医疗保健服务;医药保健销售店;药房,武侯区,104.063054,30.629644,1
武侯刘丕成,medical,医疗保健服务;诊所;诊所,武侯区,104.058932,30.632082,1
武侯罗兰诊所,medical,医疗保健服务;诊所;诊所,武侯区,104.061708,30.637462,1
瑞康大药房,medical,医疗保健服务;医药保健销售店;药房,武侯区,104.061176,30.629967,6
武侯国海兰天诊所,medical,医疗保健服务;诊所;诊所,武侯区,104.059679,30.630814,1
成都东大肛肠医院,medical,医疗保健服务;专科医院;专科医院,武侯区,104.073427,30.63418,5
苹果医院,medical,医疗保健服务;综合医院;综合医院,武侯区,104.064902,30.635982,4
成科路家庭医生工作室,medical,医疗保健服务;诊所;诊所,武侯区,104.066895,30.631569,1
四川国防医院,medical,医疗保健服务;综合医院;综合医院,武侯区,104.068138,30.637949,1
科学园医院,medical,医疗保健服务;综合医院;综合医院,武侯区,104.068981,30.636347,15
友谊大药房(科分院店),medical,医疗保健服务;医药保健销售店;药房,武侯区,104.070934,30.635831,2
艾珂口腔,medical,医疗保健服务;专科医院;口腔医院,武侯区,104.064803,30.631412,1
治江诊所,medical,医疗保健服务;诊所;诊所,武侯区,104.072596,30.630568,1
九星药房,medical,医疗保健服务;医药保健销售店;药房,武侯区,104.069421,30.628301,12
军康门诊部,medical,医疗保健服务;诊所;诊所,武侯区,104.078378,30.638409,9
望江医院,medical,医疗保健服务;综合医院;综合医院,武侯区,104.081204,30.634202,2
继红诊所,medical,医疗保健服务;诊所;诊所,武侯区,104.082055,30.636699,2
锦江区一生药房,medical,医疗保健服务;医药保健销售店;药房,锦江区,104.092835,30.635526,62
成都军区四五二医院-消化内分泌科3消化疾病诊断室,medical,医疗保健服务;综合医院;综合医院,武侯区,104.091066,30.632142,1
本草堂诊所(太平南新街),medical,医疗保健服务;诊所;诊所,武侯区,104.083664,30.639002,1
顺江游氏祖传草药店,medical,医疗保健服务;医药保健销售店;药房,锦江区,104.091205,30.638154,1
锦江区龙舟社区卫生服务站,medical,医疗保健服务;综合医院;卫生院,锦江区,104.097284,30.631587,2
锦江区福欣药房,medical,医疗保健服务;医药保健销售店;药房,锦江区,104.102357,30.629927,6
德胜诊所,medical,医疗保健服务;诊所;诊所,锦江区,104.102358,30.638746,2
李如林诊所,medical,医疗保健服务;诊所;诊所,锦江区,104.097934,30.634982,4
成都华福堂药房,medical,医疗保健服务;医药保健销售店;药房,锦江区,104.094657,30.631668,7
大厦诊所,medical,医疗保健服务;诊所;诊所,锦江区,104.0939,30.627902,44
一度,medical,医疗保健服务;诊所;诊所,锦江区,104.100162,30.638785,2
仲康诊所,medical,医疗保健服务;诊所;诊所,锦江区,104.09944,30.631865,2
盈源堂大药房,medical,医疗保健服务;医药保健销售店;药房,锦江区,104.100457,30.634922,1
锦江区天秀诊所,medical,医疗保健服务;诊所;诊所,锦江区,104.099215,30.636264,1
贝尔康大药房(绿地锦天府店),medical,医疗保健服务;医药保健销售店;药房,锦江区,104.103131,30.633279,1
利群诊所,medical,医疗保健服务;诊所;诊所,锦江区,104.107161,30.63153,5
华誉口腔(通源街),medical,医疗保健服务;专科医院;口腔医院,锦江区,104.110068,30.638544,3
精致口腔(汇源南路),medical,医疗保健服务;专科医院;口腔医院,锦江区,104.108013,30.634259,1
东大国际卫生服务中心,medical,医疗保健服务;综合医院;卫生院,锦江区,104.115614,30.639142,1
望江华生诊所,medical,医疗保健服务;诊所;诊所,锦江区,104.115839,30.633466,1
本草堂药品(必成店),medical,医疗保健服务;医药保健销售店;药房,成华区,104.125688,30.638307,1
东桂社区卫生站,medical,医疗保健服务;诊所;诊所,锦江区,104.125596,30.636191,1
尚迈口腔,medical,医疗保健服务;专科医院;口腔医院,成华区,104.149268,30.629145,9
方正诊所(金马河路),medical,医疗保健服务;诊所;诊所,成华区,104.145711,30.634083,3
康达诊所,medical,医疗保健服务;诊所;诊所,成华区,104.15038,30.632959,6
石氏中医馆,medical,医疗保健服务;医药保健销售店;药房|医疗保健服务;诊所;诊所,成华区,104.152262,30.631536,4
兴仁康诊所,medical,医疗保健服务;诊所;诊所,成华区,104.144033,30.633331,1
皓康口腔,medical,医疗保健服务;专科医院;口腔医院,成华区,104.154913,30.628823,14
双凤社区卫生服务站(草金路中段),medical,医疗保健服务;综合医院;卫生院,武侯区,103.964821,30.620627,1
家洪诊所,medical,医疗保健服务;诊所;诊所,武侯区,103.97236,30.622031,4
百信药业(鑫达药店),medical,医疗保健服务;医药保健销售店;药房,武侯区,103.970942,30.625066,1
宏铭门诊,medical,医疗保健服务;诊所;诊所,武侯区,103.966523,30.625491,11
西科门诊部,medical,医疗保健服务;诊所;诊所,武侯区,103.970171,30.623374,2
大才诊所,medical,医疗保健服务;诊所;诊所,武侯区,103.967219,30.628611,5
百汇吉便民健康武侯仁鑫诊所,medical,医疗保健服务;诊所;诊所,武侯区,103.966184,30.621681,1
本草堂药品(天乙药店),medical,医疗保健服务;医药保健销售店;药房,武侯区,103.968039,30.622636,2
华佛国际妇产医院,medical,医疗保健服务;专科医院;妇科医院,武侯区,103.979287,30.627073,1
四川华佛国际妇产医院,medical,医疗保健服务;专科医院;专科医院,武侯区,103.978286,30.628827,1
米诺娃妇女儿童医院(建设中),medical,医疗保健服务;专科医院;专科医院,武侯区,103.981814,30.626045,1
康友诊所,medical,医疗保健服务;诊所;诊所,武侯区,103.976318,30.621555,3
西南医药(武兴路药店),medical,医疗保健服务;医药保健销售店;药房,武侯区,103.98041,30.6253,1
润原诊所,medical,医疗保健服务;诊所;诊所,武侯区,103.989019,30.624121,11
易美口腔,medical,医疗保健服务;专科医院;口腔医院,武侯区,103.985089,30.623756,6
谭功军中西医诊所,medical,医疗保健服务;诊所;诊所,武侯区,103.993784,30.629367,2
德仁堂(聚萃店),medical,医疗保健服务;医药保健销售店;药房,武侯区,103.995138,30.627988,6
武侯福琳诊所,medical,医疗保健服务;诊所;诊所,武侯区,103.99798,30.626703,2
武侯小彭诊所,medical,医疗保健服务;诊所;诊所,武侯区,104.003587,30.621729,3
百信药业(泰康隆药店),medical,医疗保健服务;医药保健销售店;药房,武侯区,103.999805,30.621662,1
仁宏诊所,medical,医疗保健服务;诊所;诊所,武侯区,104.004934,30.626442,2
祥莼诊所,medical,医疗保健服务;诊所;诊所,武侯区,104.006005,30.621882,4
北京同仁堂,medical,医疗保健服务;医药保健销售店;药房,武侯区,104.008461,30.628282,1
仁康诊所(华兴街道办事处社会事务服务中心北),medical,医疗保健服务;诊所;诊所,武侯区,104.01649,30.621927,1
省动物疫病预防,medical,医疗保健服务;疾病预防机构;疾病预防,武侯区,104.014883,30.620764,1
成都武侯南区骨科医院,medical,医疗保健服务;专科医院;骨科医院,武侯区,104.016648,30.625927,2
志鹏诊所(中环路武阳大道段),medical,医疗保健服务;诊所;诊所,武侯区,104.01762,30.628942,2
华颜口腔,medical,医疗保健服务;专科医院;口腔医院,武侯区,104.028518,30.624915,7
金维牙科,medical,医疗保健服务;专科医院;口腔医院,武侯区,104.027681,30.628541,15
若天中医馆,medical,医疗保健服务;诊所;诊所,武侯区,104.024925,30.629376,1
杜克加诊所(武侯店),medical,医疗保健服务;诊所;诊所,武侯区,104.028926,30.622525,1
文鑫药房,medical,医疗保健服务;医药保健销售店;药房,武侯区,104.025282,30.627114,2
成都高新博力医院,medical,医疗保健服务;综合医院;综合医院,武侯区,104.039381,30.624412,1
西婵口腔科,medical,医疗保健服务;专科医院;口腔医院,武侯区,104.038165,30.619835,2
黄忠英诊所,medical,医疗保健服务;诊所;诊所,武侯区,104.047626,30.620333,18
百舜医药,medical,医疗保健服务;医药保健销售店;药房,武侯区,104.039219,30.62297,1
昇和药品总汇(紫荆西路药店),medical,医疗保健服务;医药保健销售店;药房,武侯区,104.042005,30.620732,1
成都春天医疗美容,medical,医疗保健服务;专科医院;整形美容,武侯区,104.050154,30.623892,1
普康医院,medical,医疗保健服务;综合医院;综合医院,武侯区,104.047116,30.62316,9
六三九医院,medical,医疗保健服务;综合医院;综合医院,武侯区,104.044384,30.624834,7
华美紫馨美容牙科中心,medical,医疗保健服务;专科医院;口腔医院,武侯区,104.049073,30.625977,2
广林大药房(芳华街),medical,医疗保健服务;医药保健销售店;药房,武侯区,104.053376,30.625022,1
善馀堂,medical,医疗保健服务;医药保健销售店;药房,武侯区,104.046875,30.627576,3
海王星辰健康药房(芳草东街),medical,医疗保健服务;医药保健销售店;药房,武侯区,104.051901,30.627693,1
四川华普医院,medical,医疗保健服务;综合医院;综合医院,武侯区,104.055763,30.62148,6
芳草中医馆,medical,医疗保健服务;诊所;诊所,武侯区,104.053821,30.628315,2
福寿艾灸,medical,医疗保健服务;诊所;诊所,武侯区,104.062132,30.623003,2
玉西诊所,medical,医疗保健服务;诊所;诊所,武侯区,104.05604,30.626566,13
四川何氏骨科医院,medical,医疗保健服务;专科医院;骨科医院,武侯区,104.063972,30.62589,10
亚非牙科大世界诊所,medical,医疗保健服务;专科医院;口腔医院,武侯区,104.054476,30.619248,8
蒋贻文诊所,medical,医疗保健服务;诊所;诊所,武侯区,104.060015,30.625949,5
荣美心理咨询,medical,医疗保健服务;诊所;诊所,武侯区,104.055045,30.623207,2
武侯骏清中医诊所(玉通巷),medical,医疗保健服务;诊所;诊所,武侯区,104.056811,30.62315,1
尼斯铂尚医疗美容,medical,医疗保健服务;专科医院;专科医院,武侯区,104.065218,30.621005,5
武侯区跳伞塔棕北社区卫生服务站,medical,医疗保健服务;综合医院;卫生院,武侯区,104.071214,30.628918,1
四川生殖卫生医院,medical,医疗保健服务;专科医院;专科医院,武侯区,104.064944,30.62812,15
成都安神诺医院,medical,医疗保健服务;专科医院;精神病医院,武侯区,104.067894,30.623146,2
德仁堂中医馆(锦绣路店),medical,医疗保健服务;医药保健销售店;药房,武侯区,104.072227,30.627631,2
武侯天佑诊所,medical,医疗保健服务;诊所;诊所,武侯区,104.065566,30.623254,1
安吉堂药房(棕南正街),medical,医疗保健服务;医药保健销售店;药房,武侯区,104.071976,30.623264,1
力宝医疗门诊部,medical,医疗保健服务;诊所;诊所,武侯区,104.074,30.62557,6
火车南站社区服务中心家庭医生工作室,medical,医疗保健服务;诊所;诊所,武侯区,104.074944,30.620054,1
大医馆,medical,医疗保健服务;诊所;诊所,武侯区,104.078696,30.626401,16
来中诊所,medical,医疗保健服务;诊所;诊所,武侯区,104.080586,30.619835,1
武侯区惠宁大药房,medical,医疗保健服务;医药保健销售店;药房,武侯区,104.074555,30.627249,1
苗一手清肤老铺(科华北路店),medical,医疗保健服务;医药保健销售店;药房,武侯区,104.073893,30.628766,1
四川康贝医药(德福堂健康药房),medical,医疗保健服务;医药保健销售店;药房,武侯区,104.077153,30.623142,1
美芯东裕医疗美容诊所,medical,医疗保健服务;诊所;诊所,锦江区,104.087761,30.622299,1
志超中医诊所,medical,医疗保健服务;诊所;诊所,锦江区,104.091497,30.623426,1
孙氏寡医,medical,医疗保健服务;诊所;诊所,锦江区,104.10272,30.624908,59
锦江疾控,medical,医疗保健服务;疾病预防机构;疾病预防,锦江区,104.098535,30.619379,34
静居中西医诊所,medical,医疗保健服务;诊所;诊所,锦江区,104.097044,30.625465,2
贝尔康大药房(瑞御堂店),medical,医疗保健服务;医药保健销售店;药房,锦江区,104.098978,30.622699,1
NBTY药店,medical,医疗保健服务;医药保健销售店;药房,锦江区,104.095338,30.623368,2
贝尔康大药房(静康路),medical,医疗保健服务;医药保健销售店;药房,锦江区,104.10951,30.623094,2
大医诊所,medical,医疗保健服务;诊所;诊所,锦江区,104.104591,30.620772,4
凯悦口腔,medical,医疗保健服务;专科医院;口腔医院|医疗保健服务;诊所;诊所,锦江区,104.112832,30.621568,6
华珍诊所(牛沙路),medical,医疗保健服务;诊所;诊所,锦江区,104.105957,30.629094,3
康睦家门诊,medical,医疗保健服务;诊所;诊所,锦江区,104.114669,30.626292,5
成都市锦江区妇幼保健院(静秀分院),medical,医疗保健服务;专科医院;专科医院,锦江区,104.117358,30.624068,1
四川友谊医院,medical,医疗保健服务;综合医院;综合医院,锦江区,104.120782,30.62648,5
王成贵诊所,medical,医疗保健服务;诊所;诊所,锦江区,104.11756,30.62106,5
杨氏中西医诊所(中沙河铺街),medical,医疗保健服务;诊所;诊所,锦江区,104.116366,30.628609,1
东来大药店,medical,医疗保健服务;医药保健销售店;药房,锦江区,104.118603,30.622949,1
四川邮电职业技术学院卫生所,medical,医疗保健服务;综合医院;卫生院,锦江区,104.122013,30.622856,1
成都沙河堡医院,medical,医疗保健服务;综合医院;综合医院,锦江区,104.123918,30.620147,5
斑竹卫生站,medical,医疗保健服务;综合医院;卫生院,成华区,104.125444,30.621462,2
德鑫诊所(佳宏北路),medical,医疗保健服务;诊所;诊所,锦江区,104.126333,30.619948,3
粮丰卫生站,medical,医疗保健服务;诊所;诊所,锦江区,104.134796,30.619254,12
金福康大药房(邛崃山店),medical,医疗保健服务;医药保健销售店;药房,成华区,104.139496,30.623078,1
本草堂(来康店),medical,医疗保健服务;医药保健销售店;药房,成华区,104.147655,30.628058,2
口腔科,medical,医疗保健服务;专科医院;口腔医院,武侯区,103.968361,30.611054,32
华西附属成双医院急诊楼,medical,医疗保健服务;综合医院;综合医院,武侯区,103.967603,30.618378,5
本草堂药品(怡众店),medical,医疗保健服务;医药保健销售店;药房,武侯区,103.970403,30.612247,1
永福康药房,medical,医疗保健服务;医药保健销售店;药房,武侯区,103.965883,30.615915,2
圣翰诊所,medical,医疗保健服务;诊所;诊所,武侯区,103.971671,30.614865,1
康民大药房,medical,医疗保健服务;医药保健销售店;药房,武侯区,103.976308,30.614537,5
勇惠诊所,medical,医疗保健服务;诊所;诊所,武侯区,103.983438,30.612538,9
怀橘诊所,medical,医疗保健服务;诊所;诊所,武侯区,103.983956,30.609634,12
天一药房(铁佛路),medical,医疗保健服务;医药保健销售店;药房,武侯区,103.987507,30.61593,6
爱民诊所,medical,医疗保健服务;诊所;诊所,武侯区,103.990319,30.612298,23
刘伟口腔,medical,医疗保健服务;专科医院;口腔医院,武侯区,103.985772,30.614485,1
严虹诊所,medical,医疗保健服务;诊所;诊所,武侯区,103.9941,30.609724,7
安谕口腔,medical,医疗保健服务;专科医院;口腔医院,武侯区,103.984077,30.617824,5
九玖堂药房,medical,医疗保健服务;医药保健销售店;药房,武侯区,103.987325,30.613378,1
贵华诊所,medical,医疗保健服务;诊所;诊所,武侯区,103.997745,30.611456,9
茂生诊所(百锦路),medical,医疗保健服务;诊所;诊所,武侯区,103.99419,30.614016,2
严小龙诊所(成双大道),medical,医疗保健服务;诊所;诊所,武侯区,104.006466,30.614753,1
五心大药房,medical,医疗保健服务;医药保健销售店;药房,武侯区,104.009193,30.61302,3
建兴大药房,medical,医疗保健服务;医药保健销售店;药房,武侯区,104.019585,30.61795,4
海瑞大药房(华泰四路),medical,医疗保健服务;医药保健销售店;药房,武侯区,104.02107,30.618837,1
成都市育华职业学校-医务室,medical,医疗保健服务;诊所;诊所,武侯区,104.017234,30.616484,1
成都高新西囡妇科医院,medical,医疗保健服务;专科医院;妇科医院,武侯区,104.03063,30.612503,1
成都高新区芳草社区卫生服务中心,medical,医疗保健服务;综合医院;卫生院,武侯区,104.039765,30.616973,1
同康大药房,medical,医疗保健服务;医药保健销售店;药房,武侯区,104.036227,30.610736,10
成都惠生医院,medical,医疗保健服务;综合医院;综合医院,武侯区,104.040548,30.611625,1
御生堂大药房(紫瑞大道),medical,医疗保健服务;医药保健销售店;药房,武侯区,104.03722,30.61593,1
真善堂中医馆,medical,医疗保健服务;专科医院;专科医院,武侯区,104.040342,30.614726,2
德仁堂(紫瑞北街店),medical,医疗保健服务;医药保健销售店;药房,武侯区,104.041652,30.616813,1
美瑞皮肤医疗美容,medical,医疗保健服务;专科医院;整形美容,武侯区,104.047318,30.613418,2
中医之家,medical,医疗保健服务;诊所;诊所,武侯区,104.048384,30.615802,2
舒普玛(九鼎药房),medical,医疗保健服务;医药保健销售店;药房,武侯区,104.052187,30.617195,1
高新瑞康诊所,medical,医疗保健服务;诊所;诊所,武侯区,104.051177,30.613033,1
德仁堂(紫荆店),medical,医疗保健服务;医药保健销售店;药房,武侯区,104.045798,30.61881,2
一心堂(新光路药店),medical,医疗保健服务;医药保健销售店;药房,武侯区,104.049928,30.617543,2
紫馨大药房,medical,医疗保健服务;医药保健销售店;药房,武侯区,104.051339,30.615179,1
雅诺医疗,medical,医疗保健服务;诊所;诊所,武侯区,104.054746,30.615382,3
汉密尔顿美容医院,medical,医疗保健服务;专科医院;整形美容,武侯区,104.060953,30.618673,1
御民堂大药房(桐梓林店),medical,医疗保健服务;医药保健销售店;药房,武侯区,104.059786,30.613949,1
桐梓林卫生室,medical,医疗保健服务;诊所;诊所,武侯区,104.062614,30.611487,4
晋元诊所,medical,医疗保健服务;诊所;诊所,武侯区,104.062203,30.613978,1
钟树安诊所,medical,医疗保健服务;诊所;诊所,武侯区,104.057739,30.613636,2
诚康药房,medical,医疗保健服务;医药保健销售店;药房,武侯区,104.05553,30.613927,3
华安堂(桐梓林北路药店),medical,医疗保健服务;医药保健销售店;药房,武侯区,104.058766,30.618674,1
凯俪医疗美容,medical,医疗保健服务;专科医院;专科医院,武侯区,104.068802,30.618647,7
港华悦容医疗美容,medical,医疗保健服务;专科医院;专科医院,武侯区,104.06565,30.618476,1
航银牙科,medical,医疗保健服务;专科医院;口腔医院,武侯区,104.069018,30.61319,42
瑞泰口腔医院,medical,医疗保健服务;专科医院;口腔医院,武侯区,104.065489,30.615656,23
高博口腔,medical,医疗保健服务;专科医院;口腔医院,武侯区,104.072644,30.617159,2
唐牙科,medical,医疗保健服务;专科医院;口腔医院,武侯区,104.074626,30.612184,10
纯福雅乐口腔,medical,医疗保健服务;专科医院;口腔医院|医疗保健服务;诊所;诊所,武侯区,104.078556,30.610826,7
张均勒诊所,medical,医疗保健服务;诊所;诊所,武侯区,104.077222,30.618554,3
瑞康牙科,medical,医疗保健服务;专科医院;口腔医院,武侯区,104.079736,30.615196,7
怀仁骨伤,medical,医疗保健服务;专科医院;骨科医院,武侯区,104.082824,30.611286,1
百信药业(高攀店),medical,医疗保健服务;医药保健销售店;药房,武侯区,104.080178,30.618299,1
遂源堂国医馆,medical,医疗保健服务;诊所;诊所,锦江区,104.088119,30.61418,10
中道诊所,medical,医疗保健服务;诊所;诊所,锦江区,104.091292,30.617015,7
静安口腔,medical,医疗保健服务;专科医院;口腔医院,锦江区,104.091887,30.613219,1
盐石骨道,medical,医疗保健服务;专科医院;骨科医院,锦江区,104.095322,30.610122,4
德美口腔门诊,medical,医疗保健服务;专科医院;口腔医院,锦江区,104.098498,30.612936,10
同一堂(金象店),medical,医疗保健服务;医药保健销售店;药房,锦江区,104.099104,30.609506,5
太极大药房(东淩店),medical,医疗保健服务;医药保健销售店;药房,锦江区,104.102164,30.614183,3
亘古正和堂中医馆,medical,医疗保健服务;诊所;诊所,锦江区,104.112958,30.613256,7
凯尔牙科诊所,medical,医疗保健服务;专科医院;口腔医院,锦江区,104.112097,30.61882,5
金像寺村卫生站,medical,医疗保健服务;诊所;诊所,锦江区,104.104861,30.61087,1
爱心诊所,medical,医疗保健服务;诊所;诊所,锦江区,104.104445,30.613961,2
康新大药房,medical,医疗保健服务;医药保健销售店;药房,锦江区,104.121922,30.618085,6
诺亚齿科诊所,medical,医疗保健服务;专科医院;口腔医院|医疗保健服务;诊所;诊所,锦江区,104.114847,30.609971,4
四川师范大学医院,medical,医疗保健服务;综合医院;综合医院,锦江区,104.118653,30.61351,1
锦江鑫方元口腔,medical,医疗保健服务;专科医院;口腔医院,锦江区,104.117955,30.609603,1
师大西医诊所,medical,医疗保健服务;诊所;诊所,锦江区,104.122059,30.613446,3
千禧药房中医馆,medical,医疗保健服务;医药保健销售店;药房,锦江区,104.120832,30.616556,2
普济诊所(花园街店),medical,医疗保健服务;诊所;诊所,锦江区,104.115092,30.618679,1
7436医院,medical,医疗保健服务;综合医院;综合医院,锦江区,104.123669,30.617056,3
龙翔大药房(国槐街),medical,医疗保健服务;医药保健销售店;药房,锦江区,104.131462,30.613845,8
中医馆,medical,医疗保健服务;诊所;诊所,锦江区,104.129069,30.612242,5
锦江望江华生诊所,medical,医疗保健服务;诊所;诊所,锦江区,104.126373,30.609492,3
同康诊所,medical,医疗保健服务;专科医院;口腔医院,锦江区,104.131116,30.61196,2
仲林诊所,medical,医疗保健服务;诊所;诊所,锦江区,104.13138,30.616011,2
民间中草药,medical,医疗保健服务;医药保健销售店;药房,锦江区,104.127044,30.611434,2
贝尔康大药房(健福药房),medical,医疗保健服务;医药保健销售店;药房,锦江区,104.128974,30.617287,1
成都市公共卫生临床医疗中心,medical,医疗保健服务;专科医院;传染病医院|医疗保健服务;综合医院;三级甲等医院,锦江区,104.138656,30.617079,7
凌霄诊所,medical,医疗保健服务;诊所;诊所,锦江区,104.134285,30.611726,5
慈丹阁,medical,医疗保健服务;诊所;诊所,锦江区,104.140176,30.610298,2
南光医院五桂桥诊所,medical,医疗保健服务;诊所;诊所,锦江区,104.137847,30.610632,1
早康诊所(樱花街),medical,医疗保健服务;诊所;诊所,锦江区,104.142235,30.610894,2
泰康中西医诊所(金花街),medical,医疗保健服务;诊所;诊所,武侯区,103.966514,30.607741,2
武侯康明诊所,medical,医疗保健服务;诊所;诊所,武侯区,103.9649,30.60919,2
利民门诊(金航路),medical,医疗保健服务;诊所;诊所,武侯区,103.966243,30.605637,1
武侯宏济诊所,medical,医疗保健服务;诊所;诊所,武侯区,103.969818,30.603451,1
武侯区金花村卫生室,medical,医疗保健服务;诊所;诊所,武侯区,103.972354,30.601849,1
俊杰诊所,medical,医疗保健服务;诊所;诊所,武侯区,103.975247,30.601067,7
四川康贝大药房(智星二路),medical,医疗保健服务;医药保健销售店;药房,武侯区,103.975845,30.608689,1
钟牙科,medical,医疗保健服务;专科医院;口腔医院,武侯区,103.991174,30.605274,90
华乐诊所(望锦东街),medical,医疗保健服务;诊所;诊所,武侯区,103.98737,30.605379,1
双龙盛药房,medical,医疗保健服务;医药保健销售店;药房,武侯区,103.991919,30.60455,2
安贞医疗,medical,医疗保健服务;专科医院;妇科医院,武侯区,104.002511,30.605751,12
君医口腔,medical,医疗保健服务;专科医院;口腔医院|医疗保健服务;诊所;诊所,武侯区,103.995012,30.599884,6
琪霖诊所,medical,医疗保健服务;诊所;诊所,武侯区,103.997716,30.606389,5
鼎峰大药房,medical,医疗保健服务;医药保健销售店;药房,武侯区,104.002533,30.603114,3
武侯康平诊所,medical,医疗保健服务;诊所;诊所,武侯区,104.005694,30.605676,4
慧兰诊所,medical,医疗保健服务;诊所;诊所,武侯区,104.008486,30.608914,3
四川省运动技术学院运动医疗门诊部,medical,医疗保健服务;诊所;诊所,武侯区,104.026376,30.602766,1
吴云诊所,medical,医疗保健服务;诊所;诊所,武侯区,104.026668,30.60661,10
仁义诊所,medical,医疗保健服务;诊所;诊所,武侯区,104.029175,30.604126,1
恒诚大药房,medical,医疗保健服务;医药保健销售店;药房,武侯区,104.024707,30.604956,2
慧达诊所,medical,医疗保健服务;诊所;诊所,武侯区,104.036251,30.60799,11
太极大药房(润新大药房),medical,医疗保健服务;医药保健销售店;药房,武侯区,104.038162,30.605583,2
德仁堂(美州花园店),medical,医疗保健服务;医药保健销售店;药房,武侯区,104.034603,30.601079,1
健霖诊所,medical,医疗保健服务;诊所;诊所,武侯区,104.041855,30.606451,2
高新区美康堂大药房,medical,医疗保健服务;医药保健销售店;药房,武侯区,104.03504,30.602703,3
艾玛医疗美容,medical,医疗保健服务;专科医院;整形美容,武侯区,104.051653,30.604167,1
康仁堂药房(泰和二街),medical,医疗保健服务;医药保健销售店;药房,武侯区,104.049873,30.602708,2
百信药业(广和药店),medical,医疗保健服务;医药保健销售店;药房,武侯区,104.060045,30.607856,1
可斐口腔,medical,医疗保健服务;专科医院;口腔医院,武侯区,104.057429,30.602077,1
德仁堂,medical,医疗保健服务;医药保健销售店;药房,武侯区,104.058918,30.604524,2
德仁堂(盛和二路),medical,医疗保健服务;医药保健销售店;药房,武侯区,104.05463,30.605805,1
恒泰牙科,medical,医疗保健服务;专科医院;口腔医院,武侯区,104.070518,30.603495,11
瑞康大药房(天和路),medical,医疗保健服务;医药保健销售店;药房,武侯区,104.07114,30.606325,1
万和大药房(天仁北二街),medical,医疗保健服务;医药保健销售店;药房,武侯区,104.070755,30.607658,1
百姓药业,medical,医疗保健服务;医药保健销售店;药房,武侯区,104.079297,30.607085,9
圣贝牙科(高新店),medical,医疗保健服务;专科医院;口腔医院,武侯区,104.076127,30.603892,1
门诊,medical,医疗保健服务;综合医院;综合医院,锦江区,104.094466,30.605743,43
人仁堂诊所,medical,医疗保健服务;诊所;诊所,锦江区,104.087452,30.605823,3
四川贝尔康大药房,medical,医疗保健服务;医药保健销售店;药房,锦江区,104.086171,30.600678,3
宾顿·伽诗丹,medical,医疗保健服务;专科医院;整形美容,锦江区,104.088368,30.609024,1
锦江罗载鑫诊所,medical,医疗保健服务;诊所;诊所,锦江区,104.097065,30.600248,4
成都长峰医院,medical,医疗保健服务;专科医院;肿瘤医院,锦江区,104.097861,30.602713,3
瑞仁堂大药房,medical,医疗保健服务;医药保健销售店;药房,锦江区,104.103808,30.605336,10
南府诊所(经天西路),medical,医疗保健服务;诊所;诊所,锦江区,104.10064,30.601799,3
德康大药房,medical,医疗保健服务;医药保健销售店;药房,锦江区,104.10267,30.609051,3
锦江俊德诊所(经天三街),medical,医疗保健服务;诊所;诊所,锦江区,104.10204,30.599665,1
成都本草堂药品(文怡店),medical,医疗保健服务;医药保健销售店;药房,锦江区,104.094363,30.601377,1
本草堂(天缘药店),medical,医疗保健服务;医药保健销售店;药房,锦江区,104.105812,30.603186,2
成都市第一精神卫生防治院老年第二住院部,medical,医疗保健服务;专科医院;精神病医院,锦江区,104.107588,30.601621,1
凌能诊所,medical,医疗保健服务;诊所;诊所,锦江区,104.121376,30.60304,5
百姓药业,medical,医疗保健服务;医药保健销售店;药房,锦江区,104.123939,30.605677,12
国科诊所(静安路),medical,医疗保健服务;诊所;诊所,锦江区,104.116488,30.608783,1
芳宇口腔,medical,医疗保健服务;专科医院;口腔医院,锦江区,104.128938,30.608748,5
口腔科,medical,医疗保健服务;专科医院;口腔医院,锦江区,104.131137,30.607333,11
美联口腔,medical,医疗保健服务;专科医院;口腔医院|医疗保健服务;诊所;诊所,锦江区,104.128831,30.601158,1
罗美汇健康药房,medical,医疗保健服务;医药保健销售店;药房,锦江区,104.127129,30.607686,1
朴康大药房,medical,医疗保健服务;医药保健销售店;药房,锦江区,104.14075,30.60011,3
君泰药房,medical,医疗保健服务;医药保健销售店;药房,锦江区,104.143016,30.607742,4
锦江仁华诊所,medical,医疗保健服务;诊所;诊所,锦江区,104.134453,30.601516,3
国科诊所(锦江大道),medical,医疗保健服务;诊所;诊所,锦江区,104.142667,30.600104,2
百汇吉锦江逸家诊所,medical,医疗保健服务;诊所;诊所,锦江区,104.135418,30.604955,2
泰铭堂药房,medical,医疗保健服务;医药保健销售店;药房,锦江区,104.149208,30.606802,4
御锦大药房,medical,医疗保健服务;医药保健销售店;药房,锦江区,104.145673,30.602424,1
神和诊所,medical,医疗保健服务;诊所;诊所,武侯区,103.973429,30.592753,7
俊茂诊所,medical,医疗保健服务;诊所;诊所,武侯区,103.969583,30.59371,3
康旺堂药房,medical,医疗保健服务;医药保健销售店;药房,武侯区,103.971719,30.59027,4
本草堂药品(欣亿药房),medical,医疗保健服务;医药保健销售店;药房,武侯区,103.966941,30.596871,1
武侯众康诊所,medical,医疗保健服务;诊所;诊所,武侯区,103.984445,30.597971,5
新苗村卫生室,medical,医疗保健服务;诊所;诊所,武侯区,103.989019,30.598857,5
思淇诊所,medical,医疗保健服务;诊所;诊所,武侯区,103.992308,30.599426,2
润康大药房(文昌路),medical,医疗保健服务;医药保健销售店;药房,武侯区,103.997129,30.596772,2
百信·禾瑞药店,medical,医疗保健服务;医药保健销售店;药房,武侯区,103.997993,30.594068,1
华兴三河社区卫生服务站,medical,医疗保健服务;综合医院;卫生院,武侯区,104.007007,30.590161,2
武侯区珍爱诊所,medical,医疗保健服务;诊所;诊所,武侯区,104.009484,30.590921,3
百信药业(利兴店),medical,医疗保健服务;医药保健销售店;药房,武侯区,104.010368,30.593741,1
四川康贝大药房(全发大药房),medical,医疗保健服务;医药保健销售店;药房,武侯区,104.008408,30.593286,1
百姓药房,medical,医疗保健服务;医药保健销售店;药房,武侯区,104.018805,30.594796,8
于海中医诊所,medical,医疗保健服务;诊所;诊所,武侯区,104.017093,30.593255,1
康美龙大药房(围机路),medical,医疗保健服务;医药保健销售店;药房,武侯区,104.021867,30.595251,1
成都恒安堂大药房(兰君大药房),medical,医疗保健服务;医药保健销售店;药房,武侯区,104.016881,30.590492,1
四川康贝大药房(英顺大药房),medical,医疗保健服务;医药保健销售店;药房,武侯区,104.02713,30.595258,1
蕊康医疗,medical,医疗保健服务;诊所;诊所,武侯区,104.052469,30.595293,6
成都市第一人民医院,medical,医疗保健服务;综合医院;三级甲等医院,武侯区,104.049757,30.592265,71
皓雅口腔(成汉南路),medical,医疗保健服务;专科医院;口腔医院,武侯区,104.052577,30.589954,4
涌泉堂大药房,medical,医疗保健服务;医药保健销售店;药房,武侯区,104.046436,30.594977,1
康瑞堂药房,medical,医疗保健服务;医药保健销售店;药房,武侯区,104.052838,30.597452,1
九生堂大药房,medical,医疗保健服务;医药保健销售店;药房,武侯区,104.0605,30.597884,7
成都职业技术学院高新校区医务室,medical,医疗保健服务;诊所;诊所,武侯区,104.058782,30.594722,1
安生美高新国际诊所,medical,医疗保健服务;诊所;诊所,武侯区,104.063658,30.594061,3
一洲牙科,medical,医疗保健服务;专科医院;口腔医院|医疗保健服务;诊所;诊所,武侯区,104.072568,30.595336,13
天成大药房(天久南街),medical,医疗保健服务;医药保健销售店;药房,武侯区,104.069478,30.593231,2
灸正堂中医馆,medical,医疗保健服务;诊所;诊所,武侯区,104.068736,30.596898,4
福原大药房(府城大道东段店),medical,医疗保健服务;医药保健销售店;药房,武侯区,104.072721,30.591707,1
天顺大药房(天顺北街),medical,医疗保健服务;医药保健销售店;药房,武侯区,104.067878,30.598824,1
善仁堂药房(濯锦路),medical,医疗保健服务;医药保健销售店;药房,武侯区,104.078114,30.595457,1
包江桥村卫生站,medical,医疗保健服务;诊所;诊所,锦江区,104.09104,30.591024,3
百信药业(锦绣大药房),medical,医疗保健服务;医药保健销售店;药房,锦江区,104.09341,30.593266,1
君和康大药房,medical,医疗保健服务;医药保健销售店;药房,锦江区,104.095582,30.59088,8
长树诊所,medical,医疗保健服务;诊所;诊所,锦江区,104.105569,30.595614,13
锦江区精神卫生中心,medical,医疗保健服务;专科医院;精神病医院,锦江区,104.108937,30.597987,1
东苑诊所,medical,医疗保健服务;诊所;诊所,锦江区,104.110349,30.594263,10
华仁医馆,medical,医疗保健服务;诊所;诊所,锦江区,104.110537,30.591209,2
华新村卫生站,medical,医疗保健服务;诊所;诊所,锦江区,104.132392,30.596642,1
德仁堂(卓锦城店),medical,医疗保健服务;医药保健销售店;药房,锦江区,104.133097,30.598798,1
物联网连锁医院,medical,医疗保健服务;综合医院;综合医院,锦江区,104.134947,30.592728,4
索菲亚口腔,medical,医疗保健服务;专科医院;口腔医院|医疗保健服务;诊所;诊所,锦江区,104.138496,30.59606,5
道德诊所,medical,医疗保健服务;诊所;诊所,锦江区,104.141614,30.597085,7
锦江华都便民综合诊所,medical,医疗保健服务;诊所;诊所,锦江区,104.139087,30.592388,1
百汇吉锦江国涛诊所,medical,医疗保健服务;诊所;诊所,锦江区,104.143578,30.597747,2
美玲医疗,medical,医疗保健服务;诊所;诊所,武侯区,103.970427,30.588422,7
杰龙诊所,medical,医疗保健服务;诊所;诊所,武侯区,103.973054,30.586366,6
本草堂药品(荣兴药房店),medical,医疗保健服务;医药保健销售店;药房,武侯区,103.966248,30.58747,1
樊林伽,medical,医疗保健服务;医药保健销售店;药房,武侯区,103.97293,30.581028,16
鑫连鑫药房,medical,医疗保健服务;医药保健销售店;药房,武侯区,103.970313,30.585035,3
武侯涔琳诊所,medical,医疗保健服务;诊所;诊所,武侯区,103.965521,30.586256,1
亿百药店,medical,医疗保健服务;医药保健销售店;药房,武侯区,103.966847,30.583015,5
容东诊所,medical,医疗保健服务;诊所;诊所,武侯区,104.001269,30.585246,4
郭氏诊所,medical,医疗保健服务;专科医院;骨科医院|医疗保健服务;诊所;诊所,武侯区,104.032369,30.586575,5
良英诊所,medical,医疗保健服务;诊所;诊所,武侯区,104.02707,30.583013,2
高新李德伟妇科诊所,medical,医疗保健服务;专科医院;妇科医院,武侯区,104.031277,30.583176,2
康博大药房,medical,医疗保健服务;医药保健销售店;药房,武侯区,104.02729,30.584634,4
康贝(康顺药房),medical,医疗保健服务;医药保健销售店;药房,武侯区,104.030077,30.585406,1
安吉堂药房(民丰大道西段),medical,医疗保健服务;医药保健销售店;药房,武侯区,104.033182,30.580591,2
御善堂药房(仁和东街),medical,医疗保健服务;医药保健销售店;药房,武侯区,104.035901,30.582376,2
轩逸堂大药房,medical,医疗保健服务;医药保健销售店;药房,武侯区,104.05166,30.581646,3
俊康药房,medical,医疗保健服务;医药保健销售店;药房,武侯区,104.051457,30.587519,1
高新区锦尚大药房,medical,医疗保健服务;医药保健销售店;药房,武侯区,104.046406,30.580754,1
心悦容医疗美容,medical,医疗保健服务;专科医院;专科医院,武侯区,104.059554,30.587512,1
德仁堂(锦晖西二街),medical,医疗保健服务;医药保健销售店;药房,武侯区,104.053582,30.588461,1
鑫九生堂大药房(奥克斯广场),medical,医疗保健服务;医药保健销售店;药房,武侯区,104.059534,30.579508,1
成都本草堂药品(高新区裕康大药房),medical,医疗保健服务;医药保健销售店;药房,武侯区,104.070651,30.588598,1
长安诊所(琉新路),medical,医疗保健服务;诊所;诊所,锦江区,104.102728,30.58785,1
潘家沟社区卫生服务中心,medical,医疗保健服务;综合医院;卫生院,锦江区,104.10382,30.585323,1
自得居,medical,医疗保健服务;诊所;诊所,锦江区,104.133027,30.582274,1
锦江区三圣社区卫生服务中心,medical,医疗保健服务;综合医院;卫生院,锦江区,104.144434,30.584502,2
四川大学华西第二医院锦江院区(建设中),medical,医疗保健服务;专科医院;专科医院,锦江区,104.144899,30.587801,1
红沙社区卫生站,medical,医疗保健服务;综合医院;卫生院,锦江区,104.157874,30.588926,1
